--------------------------------------------------------
--  파일이 생성됨 - 수요일-6월-26-2024   
--------------------------------------------------------
--------------------------------------------------------
--  DDL for Table BOARDER_COMMENTS
--------------------------------------------------------

  CREATE TABLE "BAE"."BOARDER_COMMENTS" 
   (	"COMMENT_ID" NUMBER, 
	"BOARDER_CODE" NUMBER, 
	"USER_ID" VARCHAR2(255 BYTE), 
	"CREATE_AT" TIMESTAMP (6) DEFAULT CURRENT_TIMESTAMP, 
	"CONTENT" CLOB, 
	"PARENT_COMMENT_ID" NUMBER
   ) SEGMENT CREATION IMMEDIATE 
  PCTFREE 10 PCTUSED 40 INITRANS 1 MAXTRANS 255 NOCOMPRESS LOGGING
  STORAGE(INITIAL 65536 NEXT 1048576 MINEXTENTS 1 MAXEXTENTS 2147483645
  PCTINCREASE 0 FREELISTS 1 FREELIST GROUPS 1 BUFFER_POOL DEFAULT FLASH_CACHE DEFAULT CELL_FLASH_CACHE DEFAULT)
  TABLESPACE "USERS" 
 LOB ("CONTENT") STORE AS BASICFILE (
  TABLESPACE "USERS" ENABLE STORAGE IN ROW CHUNK 8192 RETENTION 
  NOCACHE LOGGING 
  STORAGE(INITIAL 65536 NEXT 1048576 MINEXTENTS 1 MAXEXTENTS 2147483645
  PCTINCREASE 0 FREELISTS 1 FREELIST GROUPS 1 BUFFER_POOL DEFAULT FLASH_CACHE DEFAULT CELL_FLASH_CACHE DEFAULT)) ;
--------------------------------------------------------
--  DDL for Table BOARDER
--------------------------------------------------------

  CREATE TABLE "BAE"."BOARDER" 
   (	"BOARDER_CODE" NUMBER, 
	"USER_ID" VARCHAR2(255 BYTE), 
	"TITLE" VARCHAR2(255 BYTE), 
	"CREATED_AT" TIMESTAMP (6) DEFAULT CURRENT_TIMESTAMP, 
	"CONTENT" CLOB, 
	"VIEWS" NUMBER DEFAULT 0, 
	"LIKES" NUMBER DEFAULT 0, 
	"IMAGE_PATH" VARCHAR2(4000 BYTE), 
	"IMAGE_NAME" VARCHAR2(4000 BYTE), 
	"FESTIVAL_CODE" VARCHAR2(255 BYTE)
   ) SEGMENT CREATION IMMEDIATE 
  PCTFREE 10 PCTUSED 40 INITRANS 1 MAXTRANS 255 NOCOMPRESS LOGGING
  STORAGE(INITIAL 65536 NEXT 1048576 MINEXTENTS 1 MAXEXTENTS 2147483645
  PCTINCREASE 0 FREELISTS 1 FREELIST GROUPS 1 BUFFER_POOL DEFAULT FLASH_CACHE DEFAULT CELL_FLASH_CACHE DEFAULT)
  TABLESPACE "USERS" 
 LOB ("CONTENT") STORE AS BASICFILE (
  TABLESPACE "USERS" ENABLE STORAGE IN ROW CHUNK 8192 RETENTION 
  NOCACHE LOGGING 
  STORAGE(INITIAL 65536 NEXT 1048576 MINEXTENTS 1 MAXEXTENTS 2147483645
  PCTINCREASE 0 FREELISTS 1 FREELIST GROUPS 1 BUFFER_POOL DEFAULT FLASH_CACHE DEFAULT CELL_FLASH_CACHE DEFAULT)) ;
--------------------------------------------------------
--  DDL for Table USER_DESCRIP
--------------------------------------------------------

  CREATE TABLE "BAE"."USER_DESCRIP" 
   (	"ID" VARCHAR2(255 BYTE), 
	"BLOG_DES" VARCHAR2(4000 BYTE), 
	"OTHER_DES" VARCHAR2(4000 BYTE)
   ) SEGMENT CREATION IMMEDIATE 
  PCTFREE 10 PCTUSED 40 INITRANS 1 MAXTRANS 255 NOCOMPRESS LOGGING
  STORAGE(INITIAL 65536 NEXT 1048576 MINEXTENTS 1 MAXEXTENTS 2147483645
  PCTINCREASE 0 FREELISTS 1 FREELIST GROUPS 1 BUFFER_POOL DEFAULT FLASH_CACHE DEFAULT CELL_FLASH_CACHE DEFAULT)
  TABLESPACE "USERS" ;
--------------------------------------------------------
--  DDL for Table TOURSHOP
--------------------------------------------------------

  CREATE TABLE "BAE"."TOURSHOP" 
   (	"SHOPID" NUMBER, 
	"IMAGEPATH" VARCHAR2(255 BYTE), 
	"IMAGENAME" VARCHAR2(100 BYTE), 
	"TOURTITLE" VARCHAR2(200 BYTE), 
	"CONTENT" CLOB, 
	"TOURPRICE" NUMBER, 
	"LOCATION" VARCHAR2(100 BYTE)
   ) SEGMENT CREATION IMMEDIATE 
  PCTFREE 10 PCTUSED 40 INITRANS 1 MAXTRANS 255 NOCOMPRESS LOGGING
  STORAGE(INITIAL 65536 NEXT 1048576 MINEXTENTS 1 MAXEXTENTS 2147483645
  PCTINCREASE 0 FREELISTS 1 FREELIST GROUPS 1 BUFFER_POOL DEFAULT FLASH_CACHE DEFAULT CELL_FLASH_CACHE DEFAULT)
  TABLESPACE "USERS" 
 LOB ("CONTENT") STORE AS BASICFILE (
  TABLESPACE "USERS" ENABLE STORAGE IN ROW CHUNK 8192 RETENTION 
  NOCACHE LOGGING 
  STORAGE(INITIAL 65536 NEXT 1048576 MINEXTENTS 1 MAXEXTENTS 2147483645
  PCTINCREASE 0 FREELISTS 1 FREELIST GROUPS 1 BUFFER_POOL DEFAULT FLASH_CACHE DEFAULT CELL_FLASH_CACHE DEFAULT)) ;
--------------------------------------------------------
--  DDL for Table TOURSHOPREVIEW
--------------------------------------------------------

  CREATE TABLE "BAE"."TOURSHOPREVIEW" 
   (	"REVIEWID" NUMBER, 
	"SHOPID" NUMBER, 
	"USERID" VARCHAR2(100 BYTE), 
	"CREATED_AT" TIMESTAMP (6), 
	"STARRATING" NUMBER(3,2), 
	"REVIEW" CLOB, 
	"PARENT_COMMENT_ID" NUMBER
   ) SEGMENT CREATION IMMEDIATE 
  PCTFREE 10 PCTUSED 40 INITRANS 1 MAXTRANS 255 NOCOMPRESS LOGGING
  STORAGE(INITIAL 65536 NEXT 1048576 MINEXTENTS 1 MAXEXTENTS 2147483645
  PCTINCREASE 0 FREELISTS 1 FREELIST GROUPS 1 BUFFER_POOL DEFAULT FLASH_CACHE DEFAULT CELL_FLASH_CACHE DEFAULT)
  TABLESPACE "USERS" 
 LOB ("REVIEW") STORE AS BASICFILE (
  TABLESPACE "USERS" ENABLE STORAGE IN ROW CHUNK 8192 RETENTION 
  NOCACHE LOGGING 
  STORAGE(INITIAL 65536 NEXT 1048576 MINEXTENTS 1 MAXEXTENTS 2147483645
  PCTINCREASE 0 FREELISTS 1 FREELIST GROUPS 1 BUFFER_POOL DEFAULT FLASH_CACHE DEFAULT CELL_FLASH_CACHE DEFAULT)) ;
--------------------------------------------------------
--  DDL for Table USERS
--------------------------------------------------------

  CREATE TABLE "BAE"."USERS" 
   (	"ID" VARCHAR2(255 BYTE), 
	"PASSWORD" VARCHAR2(255 BYTE), 
	"NAME" VARCHAR2(255 BYTE), 
	"GENDER" VARCHAR2(255 BYTE), 
	"BIRTH" DATE, 
	"NICKNAME" VARCHAR2(255 BYTE), 
	"LOCATIONX" VARCHAR2(255 BYTE), 
	"LOCATIONY" VARCHAR2(255 BYTE), 
	"TAGFAMILY" VARCHAR2(255 BYTE), 
	"TAGLIKE" VARCHAR2(255 BYTE)
   ) SEGMENT CREATION IMMEDIATE 
  PCTFREE 10 PCTUSED 40 INITRANS 1 MAXTRANS 255 NOCOMPRESS LOGGING
  STORAGE(INITIAL 65536 NEXT 1048576 MINEXTENTS 1 MAXEXTENTS 2147483645
  PCTINCREASE 0 FREELISTS 1 FREELIST GROUPS 1 BUFFER_POOL DEFAULT FLASH_CACHE DEFAULT CELL_FLASH_CACHE DEFAULT)
  TABLESPACE "USERS" ;
--------------------------------------------------------
--  DDL for Table FESTIVAL_IMAGE
--------------------------------------------------------

  CREATE TABLE "BAE"."FESTIVAL_IMAGE" 
   (	"FESTIVALID" NUMBER, 
	"IMAGE_NAME" VARCHAR2(4000 BYTE), 
	"IMAGE_DATA" VARCHAR2(4000 BYTE)
   ) SEGMENT CREATION IMMEDIATE 
  PCTFREE 10 PCTUSED 40 INITRANS 1 MAXTRANS 255 NOCOMPRESS LOGGING
  STORAGE(INITIAL 65536 NEXT 1048576 MINEXTENTS 1 MAXEXTENTS 2147483645
  PCTINCREASE 0 FREELISTS 1 FREELIST GROUPS 1 BUFFER_POOL DEFAULT FLASH_CACHE DEFAULT CELL_FLASH_CACHE DEFAULT)
  TABLESPACE "USERS" ;
--------------------------------------------------------
--  DDL for Table FESTIVAL_DESCRIP
--------------------------------------------------------

  CREATE TABLE "BAE"."FESTIVAL_DESCRIP" 
   (	"FESTIVALID" NUMBER, 
	"BLOG_DES" VARCHAR2(4000 BYTE), 
	"OTHER_DES" VARCHAR2(4000 BYTE)
   ) SEGMENT CREATION IMMEDIATE 
  PCTFREE 10 PCTUSED 40 INITRANS 1 MAXTRANS 255 NOCOMPRESS LOGGING
  STORAGE(INITIAL 65536 NEXT 1048576 MINEXTENTS 1 MAXEXTENTS 2147483645
  PCTINCREASE 0 FREELISTS 1 FREELIST GROUPS 1 BUFFER_POOL DEFAULT FLASH_CACHE DEFAULT CELL_FLASH_CACHE DEFAULT)
  TABLESPACE "USERS" ;
REM INSERTING into BAE.BOARDER_COMMENTS
SET DEFINE OFF;
Insert into BAE.BOARDER_COMMENTS (COMMENT_ID,BOARDER_CODE,USER_ID,CREATE_AT,PARENT_COMMENT_ID) values (241,75,'admin',to_timestamp('24/05/08 11:05:19.490000000','RR/MM/DD HH24:MI:SSXFF'),240);
Insert into BAE.BOARDER_COMMENTS (COMMENT_ID,BOARDER_CODE,USER_ID,CREATE_AT,PARENT_COMMENT_ID) values (256,120,'admin1',to_timestamp('24/06/21 15:35:47.255000000','RR/MM/DD HH24:MI:SSXFF'),null);
Insert into BAE.BOARDER_COMMENTS (COMMENT_ID,BOARDER_CODE,USER_ID,CREATE_AT,PARENT_COMMENT_ID) values (259,74,'admin1',to_timestamp('24/06/25 15:44:27.234000000','RR/MM/DD HH24:MI:SSXFF'),null);
Insert into BAE.BOARDER_COMMENTS (COMMENT_ID,BOARDER_CODE,USER_ID,CREATE_AT,PARENT_COMMENT_ID) values (240,75,'admin1',to_timestamp('24/05/08 11:04:57.979000000','RR/MM/DD HH24:MI:SSXFF'),null);
Insert into BAE.BOARDER_COMMENTS (COMMENT_ID,BOARDER_CODE,USER_ID,CREATE_AT,PARENT_COMMENT_ID) values (242,75,'admin',to_timestamp('24/05/08 16:55:07.127000000','RR/MM/DD HH24:MI:SSXFF'),null);
Insert into BAE.BOARDER_COMMENTS (COMMENT_ID,BOARDER_CODE,USER_ID,CREATE_AT,PARENT_COMMENT_ID) values (255,120,'admin1',to_timestamp('24/06/21 10:32:52.228000000','RR/MM/DD HH24:MI:SSXFF'),253);
Insert into BAE.BOARDER_COMMENTS (COMMENT_ID,BOARDER_CODE,USER_ID,CREATE_AT,PARENT_COMMENT_ID) values (258,74,'admin1',to_timestamp('24/06/25 10:36:26.991000000','RR/MM/DD HH24:MI:SSXFF'),257);
Insert into BAE.BOARDER_COMMENTS (COMMENT_ID,BOARDER_CODE,USER_ID,CREATE_AT,PARENT_COMMENT_ID) values (257,74,'admin1',to_timestamp('24/06/25 10:36:12.006000000','RR/MM/DD HH24:MI:SSXFF'),null);
Insert into BAE.BOARDER_COMMENTS (COMMENT_ID,BOARDER_CODE,USER_ID,CREATE_AT,PARENT_COMMENT_ID) values (253,120,'admin1',to_timestamp('24/06/21 10:32:35.576000000','RR/MM/DD HH24:MI:SSXFF'),null);
Insert into BAE.BOARDER_COMMENTS (COMMENT_ID,BOARDER_CODE,USER_ID,CREATE_AT,PARENT_COMMENT_ID) values (254,120,'admin1',to_timestamp('24/06/21 10:32:41.668000000','RR/MM/DD HH24:MI:SSXFF'),null);
REM INSERTING into BAE.BOARDER
SET DEFINE OFF;
Insert into BAE.BOARDER (BOARDER_CODE,USER_ID,TITLE,CREATED_AT,VIEWS,LIKES,IMAGE_PATH,IMAGE_NAME,FESTIVAL_CODE) values (120,'admin1','하하하하하하',to_timestamp('24/06/21 10:16:00.559000000','RR/MM/DD HH24:MI:SSXFF'),0,0,'C:\JSKim\Project\2_WebProject\2_BackEnd\Spring\codelap_spring_project\uploads\998533a7-34e3-401b-9b61-08d1d2455c39;C:\JSKim\Project\2_WebProject\2_BackEnd\Spring\codelap_spring_project\uploads\eb947fec-d86e-4f85-8614-16000fa825a3','998533a7-34e3-401b-9b61-08d1d2455c39;eb947fec-d86e-4f85-8614-16000fa825a3','435');
Insert into BAE.BOARDER (BOARDER_CODE,USER_ID,TITLE,CREATED_AT,VIEWS,LIKES,IMAGE_PATH,IMAGE_NAME,FESTIVAL_CODE) values (71,'admin','성남시청소년어울림마당',to_timestamp('24/05/03 18:15:57.408000000','RR/MM/DD HH24:MI:SSXFF'),2,5,'C:\JSKim\Project\2_WebProject\codelapboard\routes\temp\63729e79e93c49e0239ca8db54fcc681','63729e79e93c49e0239ca8db54fcc681','665');
Insert into BAE.BOARDER (BOARDER_CODE,USER_ID,TITLE,CREATED_AT,VIEWS,LIKES,IMAGE_PATH,IMAGE_NAME,FESTIVAL_CODE) values (72,'admin','거제맹종대나무축제',to_timestamp('24/05/03 18:16:19.171000000','RR/MM/DD HH24:MI:SSXFF'),3,12,'C:\JSKim\Project\2_WebProject\codelapboard\routes\temp\9589486f917503bd14f894198f00317a','9589486f917503bd14f894198f00317a','991');
Insert into BAE.BOARDER (BOARDER_CODE,USER_ID,TITLE,CREATED_AT,VIEWS,LIKES,IMAGE_PATH,IMAGE_NAME,FESTIVAL_CODE) values (73,'admin','선덕여왕숭모재',to_timestamp('24/05/03 18:16:43.771000000','RR/MM/DD HH24:MI:SSXFF'),6,22,'C:\JSKim\Project\2_WebProject\codelapboard\routes\temp\26145b63960e408efc2a7a294eae95e1','26145b63960e408efc2a7a294eae95e1','1004');
Insert into BAE.BOARDER (BOARDER_CODE,USER_ID,TITLE,CREATED_AT,VIEWS,LIKES,IMAGE_PATH,IMAGE_NAME,FESTIVAL_CODE) values (74,'admin','익산서동축제',to_timestamp('24/05/03 18:17:03.339000000','RR/MM/DD HH24:MI:SSXFF'),131,33,'C:\JSKim\Project\2_WebProject\codelapboard\routes\temp\fbd2945b84788c158393d36fd604b7a2','fbd2945b84788c158393d36fd604b7a2','951');
Insert into BAE.BOARDER (BOARDER_CODE,USER_ID,TITLE,CREATED_AT,VIEWS,LIKES,IMAGE_PATH,IMAGE_NAME,FESTIVAL_CODE) values (75,'admin','황매산 철쭉제',to_timestamp('24/05/03 18:17:22.539000000','RR/MM/DD HH24:MI:SSXFF'),81,41,'C:\JSKim\Project\2_WebProject\codelapboard\routes\temp\a6fd0ca82b5add05a87bc6666bc4ee0a','a6fd0ca82b5add05a87bc6666bc4ee0a','1246');
Insert into BAE.BOARDER (BOARDER_CODE,USER_ID,TITLE,CREATED_AT,VIEWS,LIKES,IMAGE_PATH,IMAGE_NAME,FESTIVAL_CODE) values (49,'admin','윤봉길평화축제',to_timestamp('24/05/03 14:58:19.554000000','RR/MM/DD HH24:MI:SSXFF'),5,0,'C:\JSKim\Project\2_WebProject\codelapboard\routes\temp\9736d8e2b799582be70fc7f5868d38cf','9736d8e2b799582be70fc7f5868d38cf','207');
Insert into BAE.BOARDER (BOARDER_CODE,USER_ID,TITLE,CREATED_AT,VIEWS,LIKES,IMAGE_PATH,IMAGE_NAME,FESTIVAL_CODE) values (50,'admin','예천활축제',to_timestamp('24/05/03 15:02:12.829000000','RR/MM/DD HH24:MI:SSXFF'),0,0,'C:\JSKim\Project\2_WebProject\codelapboard\routes\temp\207f95a335686d7b370481dbb29ccb9c','207f95a335686d7b370481dbb29ccb9c','271');
Insert into BAE.BOARDER (BOARDER_CODE,USER_ID,TITLE,CREATED_AT,VIEWS,LIKES,IMAGE_PATH,IMAGE_NAME,FESTIVAL_CODE) values (51,'admin','함평나비대축제',to_timestamp('24/05/03 15:03:15.588000000','RR/MM/DD HH24:MI:SSXFF'),0,0,'C:\JSKim\Project\2_WebProject\codelapboard\routes\temp\9d2f9cf4616d1a479bd6538cb36a0b15','9d2f9cf4616d1a479bd6538cb36a0b15','765');
Insert into BAE.BOARDER (BOARDER_CODE,USER_ID,TITLE,CREATED_AT,VIEWS,LIKES,IMAGE_PATH,IMAGE_NAME,FESTIVAL_CODE) values (52,'admin','군포철쭉축제',to_timestamp('24/05/03 15:38:46.647000000','RR/MM/DD HH24:MI:SSXFF'),0,0,'C:\JSKim\Project\2_WebProject\codelapboard\routes\temp\8ff17f7d9eda31b19446f00013677ae3','8ff17f7d9eda31b19446f00013677ae3','1167');
Insert into BAE.BOARDER (BOARDER_CODE,USER_ID,TITLE,CREATED_AT,VIEWS,LIKES,IMAGE_PATH,IMAGE_NAME,FESTIVAL_CODE) values (53,'admin','홍성남당항 바다송어축제',to_timestamp('24/05/03 15:39:57.351000000','RR/MM/DD HH24:MI:SSXFF'),1,0,'C:\JSKim\Project\2_WebProject\codelapboard\routes\temp\1cc93343a4a47b1c9e29f98c6d0e737c','1cc93343a4a47b1c9e29f98c6d0e737c','939');
Insert into BAE.BOARDER (BOARDER_CODE,USER_ID,TITLE,CREATED_AT,VIEWS,LIKES,IMAGE_PATH,IMAGE_NAME,FESTIVAL_CODE) values (56,'admin','연천구석기축제',to_timestamp('24/05/03 16:16:51.003000000','RR/MM/DD HH24:MI:SSXFF'),0,0,'C:\JSKim\Project\2_WebProject\codelapboard\routes\temp\12e26c6846b807d571925c6e7df952ee','12e26c6846b807d571925c6e7df952ee','1277');
Insert into BAE.BOARDER (BOARDER_CODE,USER_ID,TITLE,CREATED_AT,VIEWS,LIKES,IMAGE_PATH,IMAGE_NAME,FESTIVAL_CODE) values (55,'admin','여수거북선축제',to_timestamp('24/05/03 16:15:22.379000000','RR/MM/DD HH24:MI:SSXFF'),1,0,'C:\JSKim\Project\2_WebProject\codelapboard\routes\temp\088f74fb48e3f38ed5bfd7f708b7c77a','088f74fb48e3f38ed5bfd7f708b7c77a','1272');
Insert into BAE.BOARDER (BOARDER_CODE,USER_ID,TITLE,CREATED_AT,VIEWS,LIKES,IMAGE_PATH,IMAGE_NAME,FESTIVAL_CODE) values (57,'admin','이천도자기축제',to_timestamp('24/05/03 16:18:36.797000000','RR/MM/DD HH24:MI:SSXFF'),0,0,'C:\JSKim\Project\2_WebProject\codelapboard\routes\temp\d4371a1974fef495076fc8688cc085c0','d4371a1974fef495076fc8688cc085c0','1287');
Insert into BAE.BOARDER (BOARDER_CODE,USER_ID,TITLE,CREATED_AT,VIEWS,LIKES,IMAGE_PATH,IMAGE_NAME,FESTIVAL_CODE) values (58,'admin','이천체험문화축제',to_timestamp('24/05/03 16:33:13.852000000','RR/MM/DD HH24:MI:SSXFF'),0,0,'C:\JSKim\Project\2_WebProject\codelapboard\routes\temp\15ff43ddfa06212dae3429df8e66755d','15ff43ddfa06212dae3429df8e66755d','1289');
Insert into BAE.BOARDER (BOARDER_CODE,USER_ID,TITLE,CREATED_AT,VIEWS,LIKES,IMAGE_PATH,IMAGE_NAME,FESTIVAL_CODE) values (59,'admin','보성다향대축제',to_timestamp('24/05/03 16:34:18.196000000','RR/MM/DD HH24:MI:SSXFF'),0,0,'C:\JSKim\Project\2_WebProject\codelapboard\routes\temp\31af2578b0148bb50e984e6bda2fbd86','31af2578b0148bb50e984e6bda2fbd86','1328');
Insert into BAE.BOARDER (BOARDER_CODE,USER_ID,TITLE,CREATED_AT,VIEWS,LIKES,IMAGE_PATH,IMAGE_NAME,FESTIVAL_CODE) values (60,'admin','광주문화유산야행',to_timestamp('24/05/03 16:35:39.311000000','RR/MM/DD HH24:MI:SSXFF'),0,0,'C:\JSKim\Project\2_WebProject\codelapboard\routes\temp\45ebe6820d3cd44b8cb7cd8936fdd643','45ebe6820d3cd44b8cb7cd8936fdd643','1222');
Insert into BAE.BOARDER (BOARDER_CODE,USER_ID,TITLE,CREATED_AT,VIEWS,LIKES,IMAGE_PATH,IMAGE_NAME,FESTIVAL_CODE) values (61,'admin','생거진천농다리축제',to_timestamp('24/05/03 16:47:51.179000000','RR/MM/DD HH24:MI:SSXFF'),0,0,'C:\JSKim\Project\2_WebProject\codelapboard\routes\temp\18819138f9e8f5d70d91abfc50e569d2','18819138f9e8f5d70d91abfc50e569d2','472');
Insert into BAE.BOARDER (BOARDER_CODE,USER_ID,TITLE,CREATED_AT,VIEWS,LIKES,IMAGE_PATH,IMAGE_NAME,FESTIVAL_CODE) values (62,'admin','의령 홍의장군 축제',to_timestamp('24/05/03 17:17:45.602000000','RR/MM/DD HH24:MI:SSXFF'),0,0,'C:\JSKim\Project\2_WebProject\codelapboard\routes\temp\e20e1a52f28c6722f6cdacf10b01f461','e20e1a52f28c6722f6cdacf10b01f461','861');
Insert into BAE.BOARDER (BOARDER_CODE,USER_ID,TITLE,CREATED_AT,VIEWS,LIKES,IMAGE_PATH,IMAGE_NAME,FESTIVAL_CODE) values (63,'admin','2024 지금여기 금정 관광후기 이벤트',to_timestamp('24/05/03 18:11:03.031000000','RR/MM/DD HH24:MI:SSXFF'),0,0,'C:\JSKim\Project\2_WebProject\codelapboard\routes\temp\f5f9f220d1910d5d323b4dca7eb642a5','f5f9f220d1910d5d323b4dca7eb642a5','70');
Insert into BAE.BOARDER (BOARDER_CODE,USER_ID,TITLE,CREATED_AT,VIEWS,LIKES,IMAGE_PATH,IMAGE_NAME,FESTIVAL_CODE) values (64,'admin','황영조 국제 마라톤 대회',to_timestamp('24/05/03 18:11:23.313000000','RR/MM/DD HH24:MI:SSXFF'),0,0,'C:\JSKim\Project\2_WebProject\codelapboard\routes\temp\91c1560651878efff04a39abd786398d','91c1560651878efff04a39abd786398d','168');
Insert into BAE.BOARDER (BOARDER_CODE,USER_ID,TITLE,CREATED_AT,VIEWS,LIKES,IMAGE_PATH,IMAGE_NAME,FESTIVAL_CODE) values (65,'admin','백운산국사봉철쭉제',to_timestamp('24/05/03 18:11:56.891000000','RR/MM/DD HH24:MI:SSXFF'),1,0,'C:\JSKim\Project\2_WebProject\codelapboard\routes\temp\77b5656b0625b6293186140b9fdf2caf','77b5656b0625b6293186140b9fdf2caf','282');
Insert into BAE.BOARDER (BOARDER_CODE,USER_ID,TITLE,CREATED_AT,VIEWS,LIKES,IMAGE_PATH,IMAGE_NAME,FESTIVAL_CODE) values (66,'admin','어천절대제전',to_timestamp('24/05/03 18:12:14.627000000','RR/MM/DD HH24:MI:SSXFF'),1,0,'C:\JSKim\Project\2_WebProject\codelapboard\routes\temp\444079f5f8d58712600de206a172279a','444079f5f8d58712600de206a172279a','432');
Insert into BAE.BOARDER (BOARDER_CODE,USER_ID,TITLE,CREATED_AT,VIEWS,LIKES,IMAGE_PATH,IMAGE_NAME,FESTIVAL_CODE) values (67,'admin','제45회서울연극제',to_timestamp('24/05/03 18:12:44.832000000','RR/MM/DD HH24:MI:SSXFF'),1,0,'C:\JSKim\Project\2_WebProject\codelapboard\routes\temp\3174ec75213edc2ccc71b6e39e3ecda3','3174ec75213edc2ccc71b6e39e3ecda3','439');
Insert into BAE.BOARDER (BOARDER_CODE,USER_ID,TITLE,CREATED_AT,VIEWS,LIKES,IMAGE_PATH,IMAGE_NAME,FESTIVAL_CODE) values (68,'admin','제18회 청계산 철쭉축제',to_timestamp('24/05/03 18:13:18.158000000','RR/MM/DD HH24:MI:SSXFF'),0,0,'C:\JSKim\Project\2_WebProject\codelapboard\routes\temp\2f53b182e2b02dc298b3a8f4d50e3235','2f53b182e2b02dc298b3a8f4d50e3235','801');
Insert into BAE.BOARDER (BOARDER_CODE,USER_ID,TITLE,CREATED_AT,VIEWS,LIKES,IMAGE_PATH,IMAGE_NAME,FESTIVAL_CODE) values (69,'admin','청소년오케스트라 음악소풍',to_timestamp('24/05/03 18:13:51.918000000','RR/MM/DD HH24:MI:SSXFF'),0,0,'C:\JSKim\Project\2_WebProject\codelapboard\routes\temp\aecc02eec82666fcb694cbd2c9fafa9a','aecc02eec82666fcb694cbd2c9fafa9a','741');
Insert into BAE.BOARDER (BOARDER_CODE,USER_ID,TITLE,CREATED_AT,VIEWS,LIKES,IMAGE_PATH,IMAGE_NAME,FESTIVAL_CODE) values (70,'admin','은하면 딸기축제',to_timestamp('24/05/03 18:14:19.824000000','RR/MM/DD HH24:MI:SSXFF'),1,13,'C:\JSKim\Project\2_WebProject\codelapboard\routes\temp\79edad7c6c9742e95f2d8851820b87c6','79edad7c6c9742e95f2d8851820b87c6','599');
REM INSERTING into BAE.USER_DESCRIP
SET DEFINE OFF;
Insert into BAE.USER_DESCRIP (ID,BLOG_DES,OTHER_DES) values ('admin4','반려동물,피나,랜드,시간,자라섬,사람,생각,동물,마감,튤립,재생,운영,체험,아산,이별,출처,기본,대한,정원,동반,카페,수선화,사진,사용,부모님,매표,서로,주차장,자동,안함,아이,가평,거창,창포,서울,나들이사진,맛집,체험,자연',null);
Insert into BAE.USER_DESCRIP (ID,BLOG_DES,OTHER_DES) values ('user1','장미,바다,미니,산수유,공원,체험,행사,무대,고사리,공연,주차장,재생,주차,부산,장소,사람,발레,방문,사용,기본,농다리,시간,여기,마을,중랑,체육,아이,대게,정도,하나,포토,사진,제주,안내,안함,발레리노,생각,가수,프로그램,운영,분갈이,모두,추천,실시간,자동,보고,메인,처음,튤립,투어,보트,때문,시작,마리,한라산,정보,배경,상토,진천여행',null);
Insert into BAE.USER_DESCRIP (ID,BLOG_DES,OTHER_DES) values ('admin1','가평,자라섬,정원,남도,체험,아이,사진,목장,라벤더,페스,알파카,거리,시간,수국,먹이,카페,반려동물,여행,이용,바로,모습,우리,주차장,정도,양귀비,사용,재생,사람,창포,촬영,당근,산책,입구,커피,주말,입장료,주차,방문,포토,생각,자연,배경,양귀비꽃,감상,하늬,안함,기본,케이크,렌카,조성,오씨,가능,대학교,학교,정말,코스,핑크,풍경맛집,사진,체험,자연',null);
Insert into BAE.USER_DESCRIP (ID,BLOG_DES,OTHER_DES) values ('admin2','자라섬,수국,정원,사진,튤립,가평,시간,재생,태안,남도,입장료,사용,페스,주차장,커피,기본,자동,안함,반려동물,카페,세계,입장,가평군,양귀비,주차,체험,거리,무료,포토,추천,방문,근교,코스,피나,랜드,구경,모습,나들이,벚꽃,튤립축제,서울,아산,라벤더,국가,거창,창포,사람,촬영,아이,여행,사랑,제주,장미,배경,이용,주말,관람,부모님맛집,사진',null);
Insert into BAE.USER_DESCRIP (ID,BLOG_DES,OTHER_DES) values ('admin','장미,자라섬,가평,수국,사진,정원,재생,시간,수목원,거리,남도,공원,방문,사람,사용,기본,아이,포토,안함,혼자,체험,페스,청보리,여행,정도,서울,모습,입구,목장,송이,고창,양귀비,유채꽃,바로,이용,인증샷,시작,해남,포레스트,백만,싱글,전체,알파카,먹이,장미꽃,부천,마음,기도,지금,주말,예약,영호,설정,배경,공유,제주,증도,행사,하나,생각,입장맛집,체험,자연',null);
REM INSERTING into BAE.TOURSHOP
SET DEFINE OFF;
Insert into BAE.TOURSHOP (SHOPID,IMAGEPATH,IMAGENAME,TOURTITLE,TOURPRICE,LOCATION) values (8,'C:\GHRho\codelap_project_4\codelap_project_4_Spring_React\uploads\cea746f5-c517-48e3-81e4-9fc56d3c3f43','cea746f5-c517-48e3-81e4-9fc56d3c3f43','광주스트릿컬처페스타',160000,'광주, 국립아시아문화전당');
Insert into BAE.TOURSHOP (SHOPID,IMAGEPATH,IMAGENAME,TOURTITLE,TOURPRICE,LOCATION) values (10,'C:\GHRho\codelap_project_4\codelap_project_4_Spring_React\uploads\97ea284b-78eb-42bf-ad77-a24751e04825','97ea284b-78eb-42bf-ad77-a24751e04825','서해 금빛열차 당일 기차여행',69000,'군산');
Insert into BAE.TOURSHOP (SHOPID,IMAGEPATH,IMAGENAME,TOURTITLE,TOURPRICE,LOCATION) values (11,'C:\GHRho\codelap_project_4\codelap_project_4_Spring_React\uploads\083d7f02-c4bd-4487-99cd-5a53c4bb5e8c','083d7f02-c4bd-4487-99cd-5a53c4bb5e8c','부산 요트투어 광안리 해운대',7000,'부산,해운대');
Insert into BAE.TOURSHOP (SHOPID,IMAGEPATH,IMAGENAME,TOURTITLE,TOURPRICE,LOCATION) values (12,'C:\GHRho\codelap_project_4\codelap_project_4_Spring_React\uploads\ba3a66fa-bd18-46e6-bbdb-2f9bf4969af9','ba3a66fa-bd18-46e6-bbdb-2f9bf4969af9','인제자작나무숲 국내 당일치기',79800,'강원도,인제');
Insert into BAE.TOURSHOP (SHOPID,IMAGEPATH,IMAGENAME,TOURTITLE,TOURPRICE,LOCATION) values (13,'C:\GHRho\codelap_project_4\codelap_project_4_Spring_React\uploads\c96d4351-7836-4b64-b674-df43274854df','c96d4351-7836-4b64-b674-df43274854df','제주도 2박3일 풀패키지 버스투어 우도 단체여행',259000,'제주도');
Insert into BAE.TOURSHOP (SHOPID,IMAGEPATH,IMAGENAME,TOURTITLE,TOURPRICE,LOCATION) values (14,'C:\GHRho\codelap_project_4\codelap_project_4_Spring_React\uploads\4cbbda93-7f37-4229-bd65-5d8091453463','4cbbda93-7f37-4229-bd65-5d8091453463','백두대간 협곡열차 코레일 당일치기',93000,'제천');
REM INSERTING into BAE.TOURSHOPREVIEW
SET DEFINE OFF;
REM INSERTING into BAE.USERS
SET DEFINE OFF;
Insert into BAE.USERS (ID,PASSWORD,NAME,GENDER,BIRTH,NICKNAME,LOCATIONX,LOCATIONY,TAGFAMILY,TAGLIKE) values ('admin1','123456','배은지','F',to_date('97/03/01','RR/MM/DD'),'은지배','37.4734848','126.8809728','#부부/연인,#반려동물,#혼자','#맛집,#사진,#체험,#자연');
Insert into BAE.USERS (ID,PASSWORD,NAME,GENDER,BIRTH,NICKNAME,LOCATIONX,LOCATIONY,TAGFAMILY,TAGLIKE) values ('admin4','123456','김정승','M',to_date('87/08/25','RR/MM/DD'),'정승김','37.4734848','126.8809728','#부부/연인,#반려동물','#사진,#맛집,#체험,#자연');
Insert into BAE.USERS (ID,PASSWORD,NAME,GENDER,BIRTH,NICKNAME,LOCATIONX,LOCATIONY,TAGFAMILY,TAGLIKE) values ('admin2','123456','노가현','F',to_date('94/06/07','RR/MM/DD'),'가현노','37.4734848','126.8809728','#부부/연인,#가족(유아),#반려동물','#맛집,#사진');
Insert into BAE.USERS (ID,PASSWORD,NAME,GENDER,BIRTH,NICKNAME,LOCATIONX,LOCATIONY,TAGFAMILY,TAGLIKE) values ('user1','password1','bae','M',to_date('94/02/01','RR/MM/DD'),'bae',' ',' ','2','여행');
Insert into BAE.USERS (ID,PASSWORD,NAME,GENDER,BIRTH,NICKNAME,LOCATIONX,LOCATIONY,TAGFAMILY,TAGLIKE) values ('admin','123456','배호진','M',to_date('94/02/01','RR/MM/DD'),'호진배','37.4734848','126.8809728','#부부/연인,#혼자','#맛집,#체험,#자연');
REM INSERTING into BAE.FESTIVAL_IMAGE
SET DEFINE OFF;
Insert into BAE.FESTIVAL_IMAGE (FESTIVALID,IMAGE_NAME,IMAGE_DATA) values (70,'f5f9f220d1910d5d323b4dca7eb642a5;5cf492dd6787f2d640a1c95196775c9e;72c11371f7f1af1632f018ace653db81;15d7949228e5d670b9e531f3394fd72c;04bd77696dd0f5c5fe736faa9b54962c;46c3f0cbc10c2e6c901a8ffbc298635a;2ae73e52d8bbc7f07137601ddfa3aed7;8eb7fb7c9f5b7c9db59c3f969054b12a;d5ec22b090ad43210ab4d0c6ed0266c9;9cde0c3b96d7dd63c2317edad3d30a93;64a45766eabe9a39e7ab318e5b5b5dfa;08c963d5247a5a896ab20a8f47775f26',';;C:\JSKim\Project\2_WebProject\codelapboard\routes\temp\f5f9f220d1910d5d323b4dca7eb642a5;C:\JSKim\Project\2_WebProject\codelapboard\routes\temp\5cf492dd6787f2d640a1c95196775c9e;C:\JSKim\Project\2_WebProject\codelapboard\routes\temp\72c11371f7f1af1632f018ace653db81;C:\JSKim\Project\2_WebProject\codelapboard\routes\temp\15d7949228e5d670b9e531f3394fd72c;C:\JSKim\Project\2_WebProject\codelapboard\routes\temp\04bd77696dd0f5c5fe736faa9b54962c;C:\JSKim\Project\2_WebProject\codelapboard\routes\temp\46c3f0cbc10c2e6c901a8ffbc298635a;C:\JSKim\Project\2_WebProject\codelapboard\routes\temp\2ae73e52d8bbc7f07137601ddfa3aed7;C:\JSKim\Project\2_WebProject\codelapboard\routes\temp\8eb7fb7c9f5b7c9db59c3f969054b12a;C:\JSKim\Project\2_WebProject\codelapboard\routes\temp\d5ec22b090ad43210ab4d0c6ed0266c9;C:\JSKim\Project\2_WebProject\codelapboard\routes\temp\9cde0c3b96d7dd63c2317edad3d30a93;C:\JSKim\Project\2_WebProject\codelapboard\routes\temp\64a45766eabe9a39e7ab318e5b5b5dfa;C:\JSKim\Project\2_WebProject\codelapboard\routes\temp\08c963d5247a5a896ab20a8f47775f26');
Insert into BAE.FESTIVAL_IMAGE (FESTIVALID,IMAGE_NAME,IMAGE_DATA) values (740,'b8f8bb8ba2a1db30ca10ff92f3cb0ac8','C:\JSKim\Project\2_WebProject\codelapboard\routes\temp\b8f8bb8ba2a1db30ca10ff92f3cb0ac8');
Insert into BAE.FESTIVAL_IMAGE (FESTIVALID,IMAGE_NAME,IMAGE_DATA) values (532,'https://kfescdn.visitkorea.or.kr/kfes/upload/contents/db/400_933425f6-3f59-4de2-9d0d-39cbfb478d8e_4.jpg;https://kfescdn.visitkorea.or.kr/kfes/upload/contents/db/400_933425f6-3f59-4de2-9d0d-39cbfb478d8e_5.jpg;https://kfescdn.visitkorea.or.kr/kfes/upload/contents/db/400_933425f6-3f59-4de2-9d0d-39cbfb478d8e_6.jpg;https://kfescdn.visitkorea.or.kr/kfes/upload/contents/db/400_933425f6-3f59-4de2-9d0d-39cbfb478d8e_7.jpg;https://kfescdn.visitkorea.or.kr/kfes/upload/contents/db/400_933425f6-3f59-4de2-9d0d-39cbfb478d8e_8.jpg;https://kfescdn.visitkorea.or.kr/kfes/upload/contents/db/400_933425f6-3f59-4de2-9d0d-39cbfb478d8e_9.jpg;https://kfescdn.visitkorea.or.kr/kfes/upload/contents/db/400_933425f6-3f59-4de2-9d0d-39cbfb478d8e_10.jpg','https://korean.visitkorea.or.kr,https://korean.visitkorea.or.kr,https://korean.visitkorea.or.kr,https://korean.visitkorea.or.kr,https://korean.visitkorea.or.kr,https://korean.visitkorea.or.kr,https://korean.visitkorea.or.kr');
Insert into BAE.FESTIVAL_IMAGE (FESTIVALID,IMAGE_NAME,IMAGE_DATA) values (533,'https://kfescdn.visitkorea.or.kr/kfes/upload/contents/db/400_964e8232-3729-4053-bd48-bd8a77e1916b_4.JPG;https://kfescdn.visitkorea.or.kr/kfes/upload/contents/db/400_964e8232-3729-4053-bd48-bd8a77e1916b_5.JPG;https://kfescdn.visitkorea.or.kr/kfes/upload/contents/db/400_964e8232-3729-4053-bd48-bd8a77e1916b_6.JPG;https://kfescdn.visitkorea.or.kr/kfes/upload/contents/db/400_964e8232-3729-4053-bd48-bd8a77e1916b_7.JPG','https://korean.visitkorea.or.kr,https://korean.visitkorea.or.kr,https://korean.visitkorea.or.kr,https://korean.visitkorea.or.kr');
Insert into BAE.FESTIVAL_IMAGE (FESTIVALID,IMAGE_NAME,IMAGE_DATA) values (805,'https://kfescdn.visitkorea.or.kr/kfes/upload/contents/db/400_580585e7-09cf-424b-96c5-e465d893bb1e_3.jpg;https://kfescdn.visitkorea.or.kr/kfes/upload/contents/db/400_580585e7-09cf-424b-96c5-e465d893bb1e_4.JPG;https://kfescdn.visitkorea.or.kr/kfes/upload/contents/db/400_580585e7-09cf-424b-96c5-e465d893bb1e_5.jpg;https://kfescdn.visitkorea.or.kr/kfes/upload/contents/db/400_580585e7-09cf-424b-96c5-e465d893bb1e_6.jpg;https://kfescdn.visitkorea.or.kr/kfes/upload/contents/db/400_580585e7-09cf-424b-96c5-e465d893bb1e_7.jpg','https://korean.visitkorea.or.kr,https://korean.visitkorea.or.kr,https://korean.visitkorea.or.kr,https://korean.visitkorea.or.kr,https://korean.visitkorea.or.kr');
Insert into BAE.FESTIVAL_IMAGE (FESTIVALID,IMAGE_NAME,IMAGE_DATA) values (734,'https://kfescdn.visitkorea.or.kr/kfes/upload/contents/db/400_21318988-6590-40d5-a9ee-d17b806b89a1_4.jpeg;https://kfescdn.visitkorea.or.kr/kfes/upload/contents/db/400_21318988-6590-40d5-a9ee-d17b806b89a1_5.jpeg;https://kfescdn.visitkorea.or.kr/kfes/upload/contents/db/400_21318988-6590-40d5-a9ee-d17b806b89a1_6.jpeg;https://kfescdn.visitkorea.or.kr/kfes/upload/contents/db/400_21318988-6590-40d5-a9ee-d17b806b89a1_7.jpeg;https://kfescdn.visitkorea.or.kr/kfes/upload/contents/db/400_21318988-6590-40d5-a9ee-d17b806b89a1_8.jpg;https://kfescdn.visitkorea.or.kr/kfes/upload/contents/db/400_21318988-6590-40d5-a9ee-d17b806b89a1_9.jpg;https://kfescdn.visitkorea.or.kr/kfes/upload/contents/db/400_21318988-6590-40d5-a9ee-d17b806b89a1_10.JPG;https://kfescdn.visitkorea.or.kr/kfes/upload/contents/db/400_21318988-6590-40d5-a9ee-d17b806b89a1_11.JPG;https://kfescdn.visitkorea.or.kr/kfes/upload/contents/db/400_21318988-6590-40d5-a9ee-d17b806b89a1_12.jpg;https://kfescdn.visitkorea.or.kr/kfes/upload/contents/db/400_21318988-6590-40d5-a9ee-d17b806b89a1_13.jpg;https://kfescdn.visitkorea.or.kr/kfes/upload/contents/db/400_21318988-6590-40d5-a9ee-d17b806b89a1_14.jpg;https://kfescdn.visitkorea.or.kr/kfes/upload/contents/db/400_21318988-6590-40d5-a9ee-d17b806b89a1_15.jpg;https://kfescdn.visitkorea.or.kr/kfes/upload/contents/db/400_21318988-6590-40d5-a9ee-d17b806b89a1_16.jpg;https://kfescdn.visitkorea.or.kr/kfes/upload/contents/db/400_21318988-6590-40d5-a9ee-d17b806b89a1_17.jpg;https://kfescdn.visitkorea.or.kr/kfes/upload/contents/db/400_21318988-6590-40d5-a9ee-d17b806b89a1_18.jpg;https://kfescdn.visitkorea.or.kr/kfes/upload/contents/db/400_21318988-6590-40d5-a9ee-d17b806b89a1_19.jpg;https://kfescdn.visitkorea.or.kr/kfes/upload/contents/db/400_21318988-6590-40d5-a9ee-d17b806b89a1_20.jpg;https://kfescdn.visitkorea.or.kr/kfes/upload/contents/db/400_21318988-6590-40d5-a9ee-d17b806b89a1_21.jpg;https://kfescdn.visitkorea.or.kr/kfes/upload/contents/db/400_21318988-6590-40d5-a9ee-d17b806b89a1_22.jpg;https://kfescdn.visitkorea.or.kr/kfes/upload/contents/db/400_21318988-6590-40d5-a9ee-d17b806b89a1_23.jpg','https://korean.visitkorea.or.kr,https://korean.visitkorea.or.kr,https://korean.visitkorea.or.kr,https://korean.visitkorea.or.kr,https://korean.visitkorea.or.kr,https://korean.visitkorea.or.kr,https://korean.visitkorea.or.kr,https://korean.visitkorea.or.kr,https://korean.visitkorea.or.kr,https://korean.visitkorea.or.kr,https://korean.visitkorea.or.kr,https://korean.visitkorea.or.kr,https://korean.visitkorea.or.kr,https://korean.visitkorea.or.kr,https://korean.visitkorea.or.kr,https://korean.visitkorea.or.kr,https://korean.visitkorea.or.kr,https://korean.visitkorea.or.kr,https://korean.visitkorea.or.kr,https://korean.visitkorea.or.kr');
Insert into BAE.FESTIVAL_IMAGE (FESTIVALID,IMAGE_NAME,IMAGE_DATA) values (735,'https://kfescdn.visitkorea.or.kr/kfes/upload/contents/db/400_b3b7a23c-c7f6-45db-930a-b139e4d8cd9f_4.jpg;https://kfescdn.visitkorea.or.kr/kfes/upload/contents/db/400_b3b7a23c-c7f6-45db-930a-b139e4d8cd9f_5.jpg;https://kfescdn.visitkorea.or.kr/kfes/upload/contents/db/400_b3b7a23c-c7f6-45db-930a-b139e4d8cd9f_6.jpg;https://kfescdn.visitkorea.or.kr/kfes/upload/contents/db/400_b3b7a23c-c7f6-45db-930a-b139e4d8cd9f_7.jpg','https://korean.visitkorea.or.kr,https://korean.visitkorea.or.kr,https://korean.visitkorea.or.kr,https://korean.visitkorea.or.kr');
Insert into BAE.FESTIVAL_IMAGE (FESTIVALID,IMAGE_NAME,IMAGE_DATA) values (74,'https://kfescdn.visitkorea.or.kr/kfes/upload/contents/db/400_15ba2adc-658d-4f81-820b-f0e2e1e9692c_4.JPG;https://kfescdn.visitkorea.or.kr/kfes/upload/contents/db/400_15ba2adc-658d-4f81-820b-f0e2e1e9692c_5.JPG;https://kfescdn.visitkorea.or.kr/kfes/upload/contents/db/400_15ba2adc-658d-4f81-820b-f0e2e1e9692c_6.JPG;https://kfescdn.visitkorea.or.kr/kfes/upload/contents/db/400_15ba2adc-658d-4f81-820b-f0e2e1e9692c_7.JPG;https://kfescdn.visitkorea.or.kr/kfes/upload/contents/db/400_15ba2adc-658d-4f81-820b-f0e2e1e9692c_8.JPG','https://korean.visitkorea.or.kr,https://korean.visitkorea.or.kr,https://korean.visitkorea.or.kr,https://korean.visitkorea.or.kr,https://korean.visitkorea.or.kr');
Insert into BAE.FESTIVAL_IMAGE (FESTIVALID,IMAGE_NAME,IMAGE_DATA) values (27,'https://kfescdn.visitkorea.or.kr/kfes/upload/contents/db/400_7f12d188-43f3-4b96-b9cc-0c1be65ebf18_4.jpg;https://kfescdn.visitkorea.or.kr/kfes/upload/contents/db/400_7f12d188-43f3-4b96-b9cc-0c1be65ebf18_5.JPG;https://kfescdn.visitkorea.or.kr/kfes/upload/contents/db/400_7f12d188-43f3-4b96-b9cc-0c1be65ebf18_6.JPG;https://kfescdn.visitkorea.or.kr/kfes/upload/contents/db/400_7f12d188-43f3-4b96-b9cc-0c1be65ebf18_7.JPG','https://korean.visitkorea.or.kr,https://korean.visitkorea.or.kr,https://korean.visitkorea.or.kr,https://korean.visitkorea.or.kr');
Insert into BAE.FESTIVAL_IMAGE (FESTIVALID,IMAGE_NAME,IMAGE_DATA) values (67,'https://kfescdn.visitkorea.or.kr/kfes/upload/contents/db/400_856730a3-5355-4937-a2ae-43309d07af31_3.jpg;https://kfescdn.visitkorea.or.kr/kfes/upload/contents/db/400_856730a3-5355-4937-a2ae-43309d07af31_4.jpeg;https://kfescdn.visitkorea.or.kr/kfes/upload/contents/db/400_856730a3-5355-4937-a2ae-43309d07af31_5.jpg;https://kfescdn.visitkorea.or.kr/kfes/upload/contents/db/400_856730a3-5355-4937-a2ae-43309d07af31_6.JPG;https://kfescdn.visitkorea.or.kr/kfes/upload/contents/db/400_856730a3-5355-4937-a2ae-43309d07af31_7.JPG;https://kfescdn.visitkorea.or.kr/kfes/upload/contents/db/400_856730a3-5355-4937-a2ae-43309d07af31_8.JPG','https://korean.visitkorea.or.kr,https://korean.visitkorea.or.kr,https://korean.visitkorea.or.kr,https://korean.visitkorea.or.kr,https://korean.visitkorea.or.kr,https://korean.visitkorea.or.kr');
Insert into BAE.FESTIVAL_IMAGE (FESTIVALID,IMAGE_NAME,IMAGE_DATA) values (144,'https://kfescdn.visitkorea.or.kr/kfes/upload/contents/db/400_98cca56b-209b-44a7-9a41-a89629ef0242_4.jpg;https://kfescdn.visitkorea.or.kr/kfes/upload/contents/db/400_98cca56b-209b-44a7-9a41-a89629ef0242_5.jpg;https://kfescdn.visitkorea.or.kr/kfes/upload/contents/db/400_98cca56b-209b-44a7-9a41-a89629ef0242_6.jpg;https://kfescdn.visitkorea.or.kr/kfes/upload/contents/db/400_98cca56b-209b-44a7-9a41-a89629ef0242_7.jpg;https://kfescdn.visitkorea.or.kr/kfes/upload/contents/db/400_98cca56b-209b-44a7-9a41-a89629ef0242_8.jpg;https://kfescdn.visitkorea.or.kr/kfes/upload/contents/db/400_98cca56b-209b-44a7-9a41-a89629ef0242_9.jpg;https://kfescdn.visitkorea.or.kr/kfes/upload/contents/db/400_98cca56b-209b-44a7-9a41-a89629ef0242_10.jpg;https://kfescdn.visitkorea.or.kr/kfes/upload/contents/db/400_98cca56b-209b-44a7-9a41-a89629ef0242_11.jpg;https://kfescdn.visitkorea.or.kr/kfes/upload/contents/db/400_98cca56b-209b-44a7-9a41-a89629ef0242_12.jpg;https://kfescdn.visitkorea.or.kr/kfes/upload/contents/db/400_98cca56b-209b-44a7-9a41-a89629ef0242_13.jpg;https://kfescdn.visitkorea.or.kr/kfes/upload/contents/db/400_98cca56b-209b-44a7-9a41-a89629ef0242_14.jpg','https://korean.visitkorea.or.kr,https://korean.visitkorea.or.kr,https://korean.visitkorea.or.kr,https://korean.visitkorea.or.kr,https://korean.visitkorea.or.kr,https://korean.visitkorea.or.kr,https://korean.visitkorea.or.kr,https://korean.visitkorea.or.kr,https://korean.visitkorea.or.kr,https://korean.visitkorea.or.kr,https://korean.visitkorea.or.kr');
Insert into BAE.FESTIVAL_IMAGE (FESTIVALID,IMAGE_NAME,IMAGE_DATA) values (206,'https://kfescdn.visitkorea.or.kr/kfes/upload/contents/db/400_3712e43b-1bd8-4deb-b4da-86fb6832ed3e_4.png;https://kfescdn.visitkorea.or.kr/kfes/upload/contents/db/400_3712e43b-1bd8-4deb-b4da-86fb6832ed3e_5.png;https://kfescdn.visitkorea.or.kr/kfes/upload/contents/db/400_3712e43b-1bd8-4deb-b4da-86fb6832ed3e_6.png;https://kfescdn.visitkorea.or.kr/kfes/upload/contents/db/400_3712e43b-1bd8-4deb-b4da-86fb6832ed3e_7.png;https://kfescdn.visitkorea.or.kr/kfes/upload/contents/db/400_3712e43b-1bd8-4deb-b4da-86fb6832ed3e_8.png;https://kfescdn.visitkorea.or.kr/kfes/upload/contents/db/400_3712e43b-1bd8-4deb-b4da-86fb6832ed3e_9.png;https://kfescdn.visitkorea.or.kr/kfes/upload/contents/db/400_3712e43b-1bd8-4deb-b4da-86fb6832ed3e_10.png;https://kfescdn.visitkorea.or.kr/kfes/upload/contents/db/400_3712e43b-1bd8-4deb-b4da-86fb6832ed3e_11.png','https://korean.visitkorea.or.kr,https://korean.visitkorea.or.kr,https://korean.visitkorea.or.kr,https://korean.visitkorea.or.kr,https://korean.visitkorea.or.kr,https://korean.visitkorea.or.kr,https://korean.visitkorea.or.kr,https://korean.visitkorea.or.kr');
Insert into BAE.FESTIVAL_IMAGE (FESTIVALID,IMAGE_NAME,IMAGE_DATA) values (438,null,null);
Insert into BAE.FESTIVAL_IMAGE (FESTIVALID,IMAGE_NAME,IMAGE_DATA) values (441,'https://kfescdn.visitkorea.or.kr/kfes/upload/contents/db/400_71b10dbc-8e63-4cc3-adfe-6b990c0b1cf4_4.jpg;https://kfescdn.visitkorea.or.kr/kfes/upload/contents/db/400_71b10dbc-8e63-4cc3-adfe-6b990c0b1cf4_5.jpg;https://kfescdn.visitkorea.or.kr/kfes/upload/contents/db/400_71b10dbc-8e63-4cc3-adfe-6b990c0b1cf4_6.jpg;https://kfescdn.visitkorea.or.kr/kfes/upload/contents/db/400_71b10dbc-8e63-4cc3-adfe-6b990c0b1cf4_7.jpg;https://kfescdn.visitkorea.or.kr/kfes/upload/contents/db/400_71b10dbc-8e63-4cc3-adfe-6b990c0b1cf4_8.jpg','https://korean.visitkorea.or.kr,https://korean.visitkorea.or.kr,https://korean.visitkorea.or.kr,https://korean.visitkorea.or.kr,https://korean.visitkorea.or.kr');
Insert into BAE.FESTIVAL_IMAGE (FESTIVALID,IMAGE_NAME,IMAGE_DATA) values (272,null,null);
Insert into BAE.FESTIVAL_IMAGE (FESTIVALID,IMAGE_NAME,IMAGE_DATA) values (274,'https://kfescdn.visitkorea.or.kr/kfes/upload/contents/db/400_697f4800-8c4d-4740-bfe6-51ad34192f31_4.jpg;https://kfescdn.visitkorea.or.kr/kfes/upload/contents/db/400_697f4800-8c4d-4740-bfe6-51ad34192f31_5.jpg;https://kfescdn.visitkorea.or.kr/kfes/upload/contents/db/400_697f4800-8c4d-4740-bfe6-51ad34192f31_6.jpg;https://kfescdn.visitkorea.or.kr/kfes/upload/contents/db/400_697f4800-8c4d-4740-bfe6-51ad34192f31_7.jpg;https://kfescdn.visitkorea.or.kr/kfes/upload/contents/db/400_697f4800-8c4d-4740-bfe6-51ad34192f31_8.jpg;https://kfescdn.visitkorea.or.kr/kfes/upload/contents/db/400_697f4800-8c4d-4740-bfe6-51ad34192f31_9.jpg;https://kfescdn.visitkorea.or.kr/kfes/upload/contents/db/400_697f4800-8c4d-4740-bfe6-51ad34192f31_10.jpg;https://kfescdn.visitkorea.or.kr/kfes/upload/contents/db/400_697f4800-8c4d-4740-bfe6-51ad34192f31_11.jpg','https://korean.visitkorea.or.kr,https://korean.visitkorea.or.kr,https://korean.visitkorea.or.kr,https://korean.visitkorea.or.kr,https://korean.visitkorea.or.kr,https://korean.visitkorea.or.kr,https://korean.visitkorea.or.kr,https://korean.visitkorea.or.kr');
Insert into BAE.FESTIVAL_IMAGE (FESTIVALID,IMAGE_NAME,IMAGE_DATA) values (991,'9589486f917503bd14f894198f00317a;bf26ea4ea9fccfdb49f297188c95eae4;ae0870da42edac3eb8fecc4918c2aa27;cf38eaf98af9a7502a04f3a18f7d6639;22298fe925fc045d5d609c18160b261b;a66a93ef28447dc7bb626359d8b07afb','C:\JSKim\Project\2_WebProject\codelapboard\routes\temp\9589486f917503bd14f894198f00317a;C:\JSKim\Project\2_WebProject\codelapboard\routes\temp\bf26ea4ea9fccfdb49f297188c95eae4;C:\JSKim\Project\2_WebProject\codelapboard\routes\temp\ae0870da42edac3eb8fecc4918c2aa27;C:\JSKim\Project\2_WebProject\codelapboard\routes\temp\cf38eaf98af9a7502a04f3a18f7d6639;C:\JSKim\Project\2_WebProject\codelapboard\routes\temp\22298fe925fc045d5d609c18160b261b;C:\JSKim\Project\2_WebProject\codelapboard\routes\temp\a66a93ef28447dc7bb626359d8b07afb');
Insert into BAE.FESTIVAL_IMAGE (FESTIVALID,IMAGE_NAME,IMAGE_DATA) values (432,'444079f5f8d58712600de206a172279a;1436c82f8bb5cc28bcbb8f582bb68d3f;b0cf0e50ff7798a6ec15edde327db274;afbdef128ad9458de8a91b87a729592e;c46e83d05b1f168e69ff1c2d657c9356;5655e3b8d02e2a7a002ad50dcb6a4bfc','C:\JSKim\Project\2_WebProject\codelapboard\routes\temp\444079f5f8d58712600de206a172279a;C:\JSKim\Project\2_WebProject\codelapboard\routes\temp\1436c82f8bb5cc28bcbb8f582bb68d3f;C:\JSKim\Project\2_WebProject\codelapboard\routes\temp\b0cf0e50ff7798a6ec15edde327db274;C:\JSKim\Project\2_WebProject\codelapboard\routes\temp\afbdef128ad9458de8a91b87a729592e;C:\JSKim\Project\2_WebProject\codelapboard\routes\temp\c46e83d05b1f168e69ff1c2d657c9356;C:\JSKim\Project\2_WebProject\codelapboard\routes\temp\5655e3b8d02e2a7a002ad50dcb6a4bfc');
Insert into BAE.FESTIVAL_IMAGE (FESTIVALID,IMAGE_NAME,IMAGE_DATA) values (741,'aecc02eec82666fcb694cbd2c9fafa9a;10ca04d7e54b58d2dd34e911c898c239;231ebab084234fd5f8c152e8be780665;84890777612f7d2f527663e0b77aea77;d8590eadce7c4b508fc3b846e9d9dd30;b7360c779c578fe894f5ee36b7c06bbd','C:\JSKim\Project\2_WebProject\codelapboard\routes\temp\aecc02eec82666fcb694cbd2c9fafa9a;C:\JSKim\Project\2_WebProject\codelapboard\routes\temp\10ca04d7e54b58d2dd34e911c898c239;C:\JSKim\Project\2_WebProject\codelapboard\routes\temp\231ebab084234fd5f8c152e8be780665;C:\JSKim\Project\2_WebProject\codelapboard\routes\temp\84890777612f7d2f527663e0b77aea77;C:\JSKim\Project\2_WebProject\codelapboard\routes\temp\d8590eadce7c4b508fc3b846e9d9dd30;C:\JSKim\Project\2_WebProject\codelapboard\routes\temp\b7360c779c578fe894f5ee36b7c06bbd');
Insert into BAE.FESTIVAL_IMAGE (FESTIVALID,IMAGE_NAME,IMAGE_DATA) values (207,'https://kfescdn.visitkorea.or.kr/kfes/upload/contents/db/400_ffb90fbe-e2c0-4e66-acd7-df9409c4ca74_4.jpg;https://kfescdn.visitkorea.or.kr/kfes/upload/contents/db/400_ffb90fbe-e2c0-4e66-acd7-df9409c4ca74_5.jpg;https://kfescdn.visitkorea.or.kr/kfes/upload/contents/db/400_ffb90fbe-e2c0-4e66-acd7-df9409c4ca74_6.jpg;https://kfescdn.visitkorea.or.kr/kfes/upload/contents/db/400_ffb90fbe-e2c0-4e66-acd7-df9409c4ca74_7.jpg;9736d8e2b799582be70fc7f5868d38cf','https://korean.visitkorea.or.kr,https://korean.visitkorea.or.kr,https://korean.visitkorea.or.kr,https://korean.visitkorea.or.kr');
Insert into BAE.FESTIVAL_IMAGE (FESTIVALID,IMAGE_NAME,IMAGE_DATA) values (271,'207f95a335686d7b370481dbb29ccb9c','C:\JSKim\Project\2_WebProject\codelapboard\routes\temp\207f95a335686d7b370481dbb29ccb9c');
Insert into BAE.FESTIVAL_IMAGE (FESTIVALID,IMAGE_NAME,IMAGE_DATA) values (765,'9d2f9cf4616d1a479bd6538cb36a0b15','C:\JSKim\Project\2_WebProject\codelapboard\routes\temp\9d2f9cf4616d1a479bd6538cb36a0b15');
Insert into BAE.FESTIVAL_IMAGE (FESTIVALID,IMAGE_NAME,IMAGE_DATA) values (1167,'8ff17f7d9eda31b19446f00013677ae3','C:\JSKim\Project\2_WebProject\codelapboard\routes\temp\8ff17f7d9eda31b19446f00013677ae3');
Insert into BAE.FESTIVAL_IMAGE (FESTIVALID,IMAGE_NAME,IMAGE_DATA) values (939,'1cc93343a4a47b1c9e29f98c6d0e737c','C:\JSKim\Project\2_WebProject\codelapboard\routes\temp\1cc93343a4a47b1c9e29f98c6d0e737c');
Insert into BAE.FESTIVAL_IMAGE (FESTIVALID,IMAGE_NAME,IMAGE_DATA) values (1272,'088f74fb48e3f38ed5bfd7f708b7c77a;baa9f4043a822c1fdd810220c2c3b6e9','C:\JSKim\Project\2_WebProject\codelapboard\routes\temp\088f74fb48e3f38ed5bfd7f708b7c77a;C:\JSKim\Project\2_WebProject\codelapboard\routes\temp\baa9f4043a822c1fdd810220c2c3b6e9');
Insert into BAE.FESTIVAL_IMAGE (FESTIVALID,IMAGE_NAME,IMAGE_DATA) values (1277,'12e26c6846b807d571925c6e7df952ee','C:\JSKim\Project\2_WebProject\codelapboard\routes\temp\12e26c6846b807d571925c6e7df952ee');
Insert into BAE.FESTIVAL_IMAGE (FESTIVALID,IMAGE_NAME,IMAGE_DATA) values (1287,'d4371a1974fef495076fc8688cc085c0','C:\JSKim\Project\2_WebProject\codelapboard\routes\temp\d4371a1974fef495076fc8688cc085c0');
Insert into BAE.FESTIVAL_IMAGE (FESTIVALID,IMAGE_NAME,IMAGE_DATA) values (1289,'15ff43ddfa06212dae3429df8e66755d','C:\JSKim\Project\2_WebProject\codelapboard\routes\temp\15ff43ddfa06212dae3429df8e66755d');
Insert into BAE.FESTIVAL_IMAGE (FESTIVALID,IMAGE_NAME,IMAGE_DATA) values (1328,'31af2578b0148bb50e984e6bda2fbd86','C:\JSKim\Project\2_WebProject\codelapboard\routes\temp\31af2578b0148bb50e984e6bda2fbd86');
Insert into BAE.FESTIVAL_IMAGE (FESTIVALID,IMAGE_NAME,IMAGE_DATA) values (1222,'45ebe6820d3cd44b8cb7cd8936fdd643','C:\JSKim\Project\2_WebProject\codelapboard\routes\temp\45ebe6820d3cd44b8cb7cd8936fdd643');
Insert into BAE.FESTIVAL_IMAGE (FESTIVALID,IMAGE_NAME,IMAGE_DATA) values (472,'18819138f9e8f5d70d91abfc50e569d2','C:\JSKim\Project\2_WebProject\codelapboard\routes\temp\18819138f9e8f5d70d91abfc50e569d2');
Insert into BAE.FESTIVAL_IMAGE (FESTIVALID,IMAGE_NAME,IMAGE_DATA) values (861,'e20e1a52f28c6722f6cdacf10b01f461','C:\JSKim\Project\2_WebProject\codelapboard\routes\temp\e20e1a52f28c6722f6cdacf10b01f461');
Insert into BAE.FESTIVAL_IMAGE (FESTIVALID,IMAGE_NAME,IMAGE_DATA) values (168,'91c1560651878efff04a39abd786398d','C:\JSKim\Project\2_WebProject\codelapboard\routes\temp\91c1560651878efff04a39abd786398d');
Insert into BAE.FESTIVAL_IMAGE (FESTIVALID,IMAGE_NAME,IMAGE_DATA) values (282,'77b5656b0625b6293186140b9fdf2caf','C:\JSKim\Project\2_WebProject\codelapboard\routes\temp\77b5656b0625b6293186140b9fdf2caf');
Insert into BAE.FESTIVAL_IMAGE (FESTIVALID,IMAGE_NAME,IMAGE_DATA) values (439,';3174ec75213edc2ccc71b6e39e3ecda3',';C:\JSKim\Project\2_WebProject\codelapboard\routes\temp\3174ec75213edc2ccc71b6e39e3ecda3');
Insert into BAE.FESTIVAL_IMAGE (FESTIVALID,IMAGE_NAME,IMAGE_DATA) values (801,'54a46e7988ce4f3dcada49787e0a2300;b60b0593ac2bb73822dac3890c75873d;7f437ffea57f406f3f71a08e10c027e0;c24e2f8d90e677f724278cbbc94d874d;2f53b182e2b02dc298b3a8f4d50e3235','C:\JSKim\Project\2_WebProject\codelapboard\routes\temp\54a46e7988ce4f3dcada49787e0a2300;C:\JSKim\Project\2_WebProject\codelapboard\routes\temp\b60b0593ac2bb73822dac3890c75873d;C:\JSKim\Project\2_WebProject\codelapboard\routes\temp\7f437ffea57f406f3f71a08e10c027e0;C:\JSKim\Project\2_WebProject\codelapboard\routes\temp\c24e2f8d90e677f724278cbbc94d874d;C:\JSKim\Project\2_WebProject\codelapboard\routes\temp\2f53b182e2b02dc298b3a8f4d50e3235');
Insert into BAE.FESTIVAL_IMAGE (FESTIVALID,IMAGE_NAME,IMAGE_DATA) values (599,'79edad7c6c9742e95f2d8851820b87c6','C:\JSKim\Project\2_WebProject\codelapboard\routes\temp\79edad7c6c9742e95f2d8851820b87c6');
Insert into BAE.FESTIVAL_IMAGE (FESTIVALID,IMAGE_NAME,IMAGE_DATA) values (665,'63729e79e93c49e0239ca8db54fcc681','C:\JSKim\Project\2_WebProject\codelapboard\routes\temp\63729e79e93c49e0239ca8db54fcc681');
Insert into BAE.FESTIVAL_IMAGE (FESTIVALID,IMAGE_NAME,IMAGE_DATA) values (1004,'26145b63960e408efc2a7a294eae95e1','C:\JSKim\Project\2_WebProject\codelapboard\routes\temp\26145b63960e408efc2a7a294eae95e1');
Insert into BAE.FESTIVAL_IMAGE (FESTIVALID,IMAGE_NAME,IMAGE_DATA) values (951,'fbd2945b84788c158393d36fd604b7a2','C:\JSKim\Project\2_WebProject\codelapboard\routes\temp\fbd2945b84788c158393d36fd604b7a2');
Insert into BAE.FESTIVAL_IMAGE (FESTIVALID,IMAGE_NAME,IMAGE_DATA) values (1246,'a6fd0ca82b5add05a87bc6666bc4ee0a','C:\JSKim\Project\2_WebProject\codelapboard\routes\temp\a6fd0ca82b5add05a87bc6666bc4ee0a');
Insert into BAE.FESTIVAL_IMAGE (FESTIVALID,IMAGE_NAME,IMAGE_DATA) values (71,'4093ec7bdd42a547815fb4021793f5fc;;18b518fc69fb2718fa4e19256aa25c25','C:\JSKim\Project\2_WebProject\codelapboard\routes\temp\4093ec7bdd42a547815fb4021793f5fc;;C:\JSKim\Project\2_WebProject\codelapboard\routes\temp\18b518fc69fb2718fa4e19256aa25c25');
Insert into BAE.FESTIVAL_IMAGE (FESTIVALID,IMAGE_NAME,IMAGE_DATA) values (75,'https://kfescdn.visitkorea.or.kr/kfes/upload/contents/db/400_1783d7c6-3567-42c8-81da-3356b46ae354_4.jpg;https://kfescdn.visitkorea.or.kr/kfes/upload/contents/db/400_1783d7c6-3567-42c8-81da-3356b46ae354_5.jpg','https://korean.visitkorea.or.kr,https://korean.visitkorea.or.kr');
Insert into BAE.FESTIVAL_IMAGE (FESTIVALID,IMAGE_NAME,IMAGE_DATA) values (66,'https://kfescdn.visitkorea.or.kr/kfes/upload/contents/db/400_95d65f28-6c8f-4226-9697-a5a4e9edc801_4.jpg;https://kfescdn.visitkorea.or.kr/kfes/upload/contents/db/400_95d65f28-6c8f-4226-9697-a5a4e9edc801_5.jpg;https://kfescdn.visitkorea.or.kr/kfes/upload/contents/db/400_95d65f28-6c8f-4226-9697-a5a4e9edc801_6.jpg;https://kfescdn.visitkorea.or.kr/kfes/upload/contents/db/400_95d65f28-6c8f-4226-9697-a5a4e9edc801_7.jpg;https://kfescdn.visitkorea.or.kr/kfes/upload/contents/db/400_95d65f28-6c8f-4226-9697-a5a4e9edc801_8.jpg;https://kfescdn.visitkorea.or.kr/kfes/upload/contents/db/400_95d65f28-6c8f-4226-9697-a5a4e9edc801_9.jpg;https://kfescdn.visitkorea.or.kr/kfes/upload/contents/db/400_95d65f28-6c8f-4226-9697-a5a4e9edc801_10.png','https://korean.visitkorea.or.kr,https://korean.visitkorea.or.kr,https://korean.visitkorea.or.kr,https://korean.visitkorea.or.kr,https://korean.visitkorea.or.kr,https://korean.visitkorea.or.kr,https://korean.visitkorea.or.kr');
Insert into BAE.FESTIVAL_IMAGE (FESTIVALID,IMAGE_NAME,IMAGE_DATA) values (72,'https://kfescdn.visitkorea.or.kr/kfes/upload/contents/db/400_79dfeea3-fbe9-4033-b9c5-2b2a8178db83_4.JPG;https://kfescdn.visitkorea.or.kr/kfes/upload/contents/db/400_79dfeea3-fbe9-4033-b9c5-2b2a8178db83_5.JPG;https://kfescdn.visitkorea.or.kr/kfes/upload/contents/db/400_79dfeea3-fbe9-4033-b9c5-2b2a8178db83_6.jpg;https://kfescdn.visitkorea.or.kr/kfes/upload/contents/db/400_79dfeea3-fbe9-4033-b9c5-2b2a8178db83_7.jpg;https://kfescdn.visitkorea.or.kr/kfes/upload/contents/db/400_79dfeea3-fbe9-4033-b9c5-2b2a8178db83_8.jpg;https://kfescdn.visitkorea.or.kr/kfes/upload/contents/db/400_79dfeea3-fbe9-4033-b9c5-2b2a8178db83_9.jpg;https://kfescdn.visitkorea.or.kr/kfes/upload/contents/db/400_79dfeea3-fbe9-4033-b9c5-2b2a8178db83_10.jpg;https://kfescdn.visitkorea.or.kr/kfes/upload/contents/db/400_79dfeea3-fbe9-4033-b9c5-2b2a8178db83_11.jpg;https://kfescdn.visitkorea.or.kr/kfes/upload/contents/db/400_79dfeea3-fbe9-4033-b9c5-2b2a8178db83_12.jpg;https://kfescdn.visitkorea.or.kr/kfes/upload/contents/db/400_79dfeea3-fbe9-4033-b9c5-2b2a8178db83_13.jpg;https://kfescdn.visitkorea.or.kr/kfes/upload/contents/db/400_79dfeea3-fbe9-4033-b9c5-2b2a8178db83_14.jpg;https://kfescdn.visitkorea.or.kr/kfes/upload/contents/db/400_79dfeea3-fbe9-4033-b9c5-2b2a8178db83_15.JPG;https://kfescdn.visitkorea.or.kr/kfes/upload/contents/db/400_79dfeea3-fbe9-4033-b9c5-2b2a8178db83_16.JPG','https://korean.visitkorea.or.kr,https://korean.visitkorea.or.kr,https://korean.visitkorea.or.kr,https://korean.visitkorea.or.kr,https://korean.visitkorea.or.kr,https://korean.visitkorea.or.kr,https://korean.visitkorea.or.kr,https://korean.visitkorea.or.kr,https://korean.visitkorea.or.kr,https://korean.visitkorea.or.kr,https://korean.visitkorea.or.kr,https://korean.visitkorea.or.kr,https://korean.visitkorea.or.kr');
Insert into BAE.FESTIVAL_IMAGE (FESTIVALID,IMAGE_NAME,IMAGE_DATA) values (171,'https://kfescdn.visitkorea.or.kr/kfes/upload/contents/db/400_5c8a1a9a-7b1d-40fd-a6dc-3ecedc395a7a_4.jpg;https://kfescdn.visitkorea.or.kr/kfes/upload/contents/db/400_5c8a1a9a-7b1d-40fd-a6dc-3ecedc395a7a_5.jpg;https://kfescdn.visitkorea.or.kr/kfes/upload/contents/db/400_5c8a1a9a-7b1d-40fd-a6dc-3ecedc395a7a_6.JPG;https://kfescdn.visitkorea.or.kr/kfes/upload/contents/db/400_5c8a1a9a-7b1d-40fd-a6dc-3ecedc395a7a_7.JPG;https://kfescdn.visitkorea.or.kr/kfes/upload/contents/db/400_5c8a1a9a-7b1d-40fd-a6dc-3ecedc395a7a_8.JPG;https://kfescdn.visitkorea.or.kr/kfes/upload/contents/db/400_5c8a1a9a-7b1d-40fd-a6dc-3ecedc395a7a_9.JPG;https://kfescdn.visitkorea.or.kr/kfes/upload/contents/db/400_5c8a1a9a-7b1d-40fd-a6dc-3ecedc395a7a_10.jpg;https://kfescdn.visitkorea.or.kr/kfes/upload/contents/db/400_5c8a1a9a-7b1d-40fd-a6dc-3ecedc395a7a_11.jpg;https://kfescdn.visitkorea.or.kr/kfes/upload/contents/db/400_5c8a1a9a-7b1d-40fd-a6dc-3ecedc395a7a_12.JPG;https://kfescdn.visitkorea.or.kr/kfes/upload/contents/db/400_5c8a1a9a-7b1d-40fd-a6dc-3ecedc395a7a_13.jpg','https://korean.visitkorea.or.kr,https://korean.visitkorea.or.kr,https://korean.visitkorea.or.kr,https://korean.visitkorea.or.kr,https://korean.visitkorea.or.kr,https://korean.visitkorea.or.kr,https://korean.visitkorea.or.kr,https://korean.visitkorea.or.kr,https://korean.visitkorea.or.kr,https://korean.visitkorea.or.kr');
Insert into BAE.FESTIVAL_IMAGE (FESTIVALID,IMAGE_NAME,IMAGE_DATA) values (434,'https://kfescdn.visitkorea.or.kr/kfes/upload/contents/db/400_1069075c-827c-4da7-97be-f6ad36cd886d_4.JPG;https://kfescdn.visitkorea.or.kr/kfes/upload/contents/db/400_1069075c-827c-4da7-97be-f6ad36cd886d_5.jpg;https://kfescdn.visitkorea.or.kr/kfes/upload/contents/db/400_1069075c-827c-4da7-97be-f6ad36cd886d_6.JPG','https://korean.visitkorea.or.kr,https://korean.visitkorea.or.kr,https://korean.visitkorea.or.kr');
Insert into BAE.FESTIVAL_IMAGE (FESTIVALID,IMAGE_NAME,IMAGE_DATA) values (444,'https://kfescdn.visitkorea.or.kr/kfes/upload/contents/db/400_187271d0-9f7f-450f-a502-fe0b46f4e48c_3.JPG;https://kfescdn.visitkorea.or.kr/kfes/upload/contents/db/400_187271d0-9f7f-450f-a502-fe0b46f4e48c_4.JPG;https://kfescdn.visitkorea.or.kr/kfes/upload/contents/db/400_187271d0-9f7f-450f-a502-fe0b46f4e48c_5.JPG;https://kfescdn.visitkorea.or.kr/kfes/upload/contents/db/400_187271d0-9f7f-450f-a502-fe0b46f4e48c_6.jpg;https://kfescdn.visitkorea.or.kr/kfes/upload/contents/db/400_187271d0-9f7f-450f-a502-fe0b46f4e48c_7.jpg','https://korean.visitkorea.or.kr,https://korean.visitkorea.or.kr,https://korean.visitkorea.or.kr,https://korean.visitkorea.or.kr,https://korean.visitkorea.or.kr');
Insert into BAE.FESTIVAL_IMAGE (FESTIVALID,IMAGE_NAME,IMAGE_DATA) values (273,null,null);
Insert into BAE.FESTIVAL_IMAGE (FESTIVALID,IMAGE_NAME,IMAGE_DATA) values (275,'https://kfescdn.visitkorea.or.kr/kfes/upload/contents/db/400_fba696e6-47bd-4111-a4a7-5c8647251702_4.jpg;https://kfescdn.visitkorea.or.kr/kfes/upload/contents/db/400_fba696e6-47bd-4111-a4a7-5c8647251702_5.jpg;https://kfescdn.visitkorea.or.kr/kfes/upload/contents/db/400_fba696e6-47bd-4111-a4a7-5c8647251702_6.jpg;https://kfescdn.visitkorea.or.kr/kfes/upload/contents/db/400_fba696e6-47bd-4111-a4a7-5c8647251702_7.jpg;https://kfescdn.visitkorea.or.kr/kfes/upload/contents/db/400_fba696e6-47bd-4111-a4a7-5c8647251702_8.jpg;https://kfescdn.visitkorea.or.kr/kfes/upload/contents/db/400_fba696e6-47bd-4111-a4a7-5c8647251702_9.jpg;https://kfescdn.visitkorea.or.kr/kfes/upload/contents/db/400_fba696e6-47bd-4111-a4a7-5c8647251702_10.jpg;https://kfescdn.visitkorea.or.kr/kfes/upload/contents/db/400_fba696e6-47bd-4111-a4a7-5c8647251702_11.jpg;https://kfescdn.visitkorea.or.kr/kfes/upload/contents/db/400_fba696e6-47bd-4111-a4a7-5c8647251702_12.jpg;https://kfescdn.visitkorea.or.kr/kfes/upload/contents/db/400_fba696e6-47bd-4111-a4a7-5c8647251702_13.jpg;https://kfescdn.visitkorea.or.kr/kfes/upload/contents/db/400_fba696e6-47bd-4111-a4a7-5c8647251702_14.jpg;https://kfescdn.visitkorea.or.kr/kfes/upload/contents/db/400_fba696e6-47bd-4111-a4a7-5c8647251702_15.JPG;https://kfescdn.visitkorea.or.kr/kfes/upload/contents/db/400_fba696e6-47bd-4111-a4a7-5c8647251702_16.JPG;https://kfescdn.visitkorea.or.kr/kfes/upload/contents/db/400_fba696e6-47bd-4111-a4a7-5c8647251702_17.jpg;https://kfescdn.visitkorea.or.kr/kfes/upload/contents/db/400_fba696e6-47bd-4111-a4a7-5c8647251702_18.png;https://kfescdn.visitkorea.or.kr/kfes/upload/contents/db/400_fba696e6-47bd-4111-a4a7-5c8647251702_19.jpg','https://korean.visitkorea.or.kr,https://korean.visitkorea.or.kr,https://korean.visitkorea.or.kr,https://korean.visitkorea.or.kr,https://korean.visitkorea.or.kr,https://korean.visitkorea.or.kr,https://korean.visitkorea.or.kr,https://korean.visitkorea.or.kr,https://korean.visitkorea.or.kr,https://korean.visitkorea.or.kr,https://korean.visitkorea.or.kr,https://korean.visitkorea.or.kr,https://korean.visitkorea.or.kr,https://korean.visitkorea.or.kr,https://korean.visitkorea.or.kr,https://korean.visitkorea.or.kr');
Insert into BAE.FESTIVAL_IMAGE (FESTIVALID,IMAGE_NAME,IMAGE_DATA) values (276,'https://kfescdn.visitkorea.or.kr/kfes/upload/contents/db/400_fba696e6-47bd-4111-a4a7-5c8647251702_4.jpg;https://kfescdn.visitkorea.or.kr/kfes/upload/contents/db/400_fba696e6-47bd-4111-a4a7-5c8647251702_5.jpg;https://kfescdn.visitkorea.or.kr/kfes/upload/contents/db/400_fba696e6-47bd-4111-a4a7-5c8647251702_6.jpg;https://kfescdn.visitkorea.or.kr/kfes/upload/contents/db/400_fba696e6-47bd-4111-a4a7-5c8647251702_7.jpg;https://kfescdn.visitkorea.or.kr/kfes/upload/contents/db/400_fba696e6-47bd-4111-a4a7-5c8647251702_8.jpg;https://kfescdn.visitkorea.or.kr/kfes/upload/contents/db/400_fba696e6-47bd-4111-a4a7-5c8647251702_9.jpg;https://kfescdn.visitkorea.or.kr/kfes/upload/contents/db/400_fba696e6-47bd-4111-a4a7-5c8647251702_10.jpg;https://kfescdn.visitkorea.or.kr/kfes/upload/contents/db/400_fba696e6-47bd-4111-a4a7-5c8647251702_11.jpg;https://kfescdn.visitkorea.or.kr/kfes/upload/contents/db/400_fba696e6-47bd-4111-a4a7-5c8647251702_12.jpg;https://kfescdn.visitkorea.or.kr/kfes/upload/contents/db/400_fba696e6-47bd-4111-a4a7-5c8647251702_13.jpg;https://kfescdn.visitkorea.or.kr/kfes/upload/contents/db/400_fba696e6-47bd-4111-a4a7-5c8647251702_14.jpg;https://kfescdn.visitkorea.or.kr/kfes/upload/contents/db/400_fba696e6-47bd-4111-a4a7-5c8647251702_15.JPG;https://kfescdn.visitkorea.or.kr/kfes/upload/contents/db/400_fba696e6-47bd-4111-a4a7-5c8647251702_16.JPG;https://kfescdn.visitkorea.or.kr/kfes/upload/contents/db/400_fba696e6-47bd-4111-a4a7-5c8647251702_17.jpg;https://kfescdn.visitkorea.or.kr/kfes/upload/contents/db/400_fba696e6-47bd-4111-a4a7-5c8647251702_18.png;https://kfescdn.visitkorea.or.kr/kfes/upload/contents/db/400_fba696e6-47bd-4111-a4a7-5c8647251702_19.jpg','https://korean.visitkorea.or.kr,https://korean.visitkorea.or.kr,https://korean.visitkorea.or.kr,https://korean.visitkorea.or.kr,https://korean.visitkorea.or.kr,https://korean.visitkorea.or.kr,https://korean.visitkorea.or.kr,https://korean.visitkorea.or.kr,https://korean.visitkorea.or.kr,https://korean.visitkorea.or.kr,https://korean.visitkorea.or.kr,https://korean.visitkorea.or.kr,https://korean.visitkorea.or.kr,https://korean.visitkorea.or.kr,https://korean.visitkorea.or.kr,https://korean.visitkorea.or.kr');
Insert into BAE.FESTIVAL_IMAGE (FESTIVALID,IMAGE_NAME,IMAGE_DATA) values (510,null,null);
Insert into BAE.FESTIVAL_IMAGE (FESTIVALID,IMAGE_NAME,IMAGE_DATA) values (523,'https://kfescdn.visitkorea.or.kr/kfes/upload/contents/db/400_e0472596-c5c1-4360-af80-bcb9f22630ce_3.jpg;https://kfescdn.visitkorea.or.kr/kfes/upload/contents/db/400_e0472596-c5c1-4360-af80-bcb9f22630ce_4.jpg;https://kfescdn.visitkorea.or.kr/kfes/upload/contents/db/400_e0472596-c5c1-4360-af80-bcb9f22630ce_5.JPG;https://kfescdn.visitkorea.or.kr/kfes/upload/contents/db/400_e0472596-c5c1-4360-af80-bcb9f22630ce_6.JPG;https://kfescdn.visitkorea.or.kr/kfes/upload/contents/db/400_e0472596-c5c1-4360-af80-bcb9f22630ce_7.jpg;https://kfescdn.visitkorea.or.kr/kfes/upload/contents/db/400_e0472596-c5c1-4360-af80-bcb9f22630ce_8.JPG;https://kfescdn.visitkorea.or.kr/kfes/upload/contents/db/400_e0472596-c5c1-4360-af80-bcb9f22630ce_9.jpg;https://kfescdn.visitkorea.or.kr/kfes/upload/contents/db/400_e0472596-c5c1-4360-af80-bcb9f22630ce_10.jpg;https://kfescdn.visitkorea.or.kr/kfes/upload/contents/db/400_e0472596-c5c1-4360-af80-bcb9f22630ce_11.jpg;https://kfescdn.visitkorea.or.kr/kfes/upload/contents/db/400_e0472596-c5c1-4360-af80-bcb9f22630ce_12.JPG;https://kfescdn.visitkorea.or.kr/kfes/upload/contents/db/400_e0472596-c5c1-4360-af80-bcb9f22630ce_13.png;https://kfescdn.visitkorea.or.kr/kfes/upload/contents/db/400_e0472596-c5c1-4360-af80-bcb9f22630ce_14.png;https://kfescdn.visitkorea.or.kr/kfes/upload/contents/db/400_e0472596-c5c1-4360-af80-bcb9f22630ce_15.png;https://kfescdn.visitkorea.or.kr/kfes/upload/contents/db/400_e0472596-c5c1-4360-af80-bcb9f22630ce_16.png','https://korean.visitkorea.or.kr,https://korean.visitkorea.or.kr,https://korean.visitkorea.or.kr,https://korean.visitkorea.or.kr,https://korean.visitkorea.or.kr,https://korean.visitkorea.or.kr,https://korean.visitkorea.or.kr,https://korean.visitkorea.or.kr,https://korean.visitkorea.or.kr,https://korean.visitkorea.or.kr,https://korean.visitkorea.or.kr,https://korean.visitkorea.or.kr,https://korean.visitkorea.or.kr,https://korean.visitkorea.or.kr');
Insert into BAE.FESTIVAL_IMAGE (FESTIVALID,IMAGE_NAME,IMAGE_DATA) values (524,'https://kfescdn.visitkorea.or.kr/kfes/upload/contents/db/400_814990f7-aeb0-4a79-83d0-a10cc99c8da0_4.jpg;https://kfescdn.visitkorea.or.kr/kfes/upload/contents/db/400_814990f7-aeb0-4a79-83d0-a10cc99c8da0_5.JPG;https://kfescdn.visitkorea.or.kr/kfes/upload/contents/db/400_814990f7-aeb0-4a79-83d0-a10cc99c8da0_6.JPG','https://korean.visitkorea.or.kr,https://korean.visitkorea.or.kr,https://korean.visitkorea.or.kr');
Insert into BAE.FESTIVAL_IMAGE (FESTIVALID,IMAGE_NAME,IMAGE_DATA) values (736,'https://kfescdn.visitkorea.or.kr/kfes/upload/contents/db/400_47cca916-4763-4caa-bc64-236b273d08d0_4.jpg;https://kfescdn.visitkorea.or.kr/kfes/upload/contents/db/400_47cca916-4763-4caa-bc64-236b273d08d0_5.jpg;https://kfescdn.visitkorea.or.kr/kfes/upload/contents/db/400_47cca916-4763-4caa-bc64-236b273d08d0_6.jpg;https://kfescdn.visitkorea.or.kr/kfes/upload/contents/db/400_47cca916-4763-4caa-bc64-236b273d08d0_7.jpg;https://kfescdn.visitkorea.or.kr/kfes/upload/contents/db/400_47cca916-4763-4caa-bc64-236b273d08d0_8.jpg','https://korean.visitkorea.or.kr,https://korean.visitkorea.or.kr,https://korean.visitkorea.or.kr,https://korean.visitkorea.or.kr,https://korean.visitkorea.or.kr');
Insert into BAE.FESTIVAL_IMAGE (FESTIVALID,IMAGE_NAME,IMAGE_DATA) values (817,'https://kfescdn.visitkorea.or.kr/kfes/upload/contents/db/400_644495a7-65e3-42ef-8993-e18e2e71a8bd_4.JPG;https://kfescdn.visitkorea.or.kr/kfes/upload/contents/db/400_644495a7-65e3-42ef-8993-e18e2e71a8bd_5.JPG;https://kfescdn.visitkorea.or.kr/kfes/upload/contents/db/400_644495a7-65e3-42ef-8993-e18e2e71a8bd_6.JPG;https://kfescdn.visitkorea.or.kr/kfes/upload/contents/db/400_644495a7-65e3-42ef-8993-e18e2e71a8bd_7.JPG;https://kfescdn.visitkorea.or.kr/kfes/upload/contents/db/400_644495a7-65e3-42ef-8993-e18e2e71a8bd_8.JPG;https://kfescdn.visitkorea.or.kr/kfes/upload/contents/db/400_644495a7-65e3-42ef-8993-e18e2e71a8bd_9.JPG;https://kfescdn.visitkorea.or.kr/kfes/upload/contents/db/400_644495a7-65e3-42ef-8993-e18e2e71a8bd_10.JPG;https://kfescdn.visitkorea.or.kr/kfes/upload/contents/db/400_644495a7-65e3-42ef-8993-e18e2e71a8bd_11.JPG;https://kfescdn.visitkorea.or.kr/kfes/upload/contents/db/400_644495a7-65e3-42ef-8993-e18e2e71a8bd_12.jpg','https://korean.visitkorea.or.kr,https://korean.visitkorea.or.kr,https://korean.visitkorea.or.kr,https://korean.visitkorea.or.kr,https://korean.visitkorea.or.kr,https://korean.visitkorea.or.kr,https://korean.visitkorea.or.kr,https://korean.visitkorea.or.kr,https://korean.visitkorea.or.kr');
Insert into BAE.FESTIVAL_IMAGE (FESTIVALID,IMAGE_NAME,IMAGE_DATA) values (745,'https://kfescdn.visitkorea.or.kr/kfes/upload/contents/db/400_238bdcc1-aab6-4e00-a7fc-9db4b37019a4_4.jpg;https://kfescdn.visitkorea.or.kr/kfes/upload/contents/db/400_238bdcc1-aab6-4e00-a7fc-9db4b37019a4_5.jpg','https://korean.visitkorea.or.kr,https://korean.visitkorea.or.kr');
Insert into BAE.FESTIVAL_IMAGE (FESTIVALID,IMAGE_NAME,IMAGE_DATA) values (862,'https://kfescdn.visitkorea.or.kr/kfes/upload/contents/db/400_ff39c88c-b447-422b-b0a2-28fd6f017526_2.jpg;https://kfescdn.visitkorea.or.kr/kfes/upload/contents/db/400_ff39c88c-b447-422b-b0a2-28fd6f017526_3.jpg;https://kfescdn.visitkorea.or.kr/kfes/upload/contents/db/400_ff39c88c-b447-422b-b0a2-28fd6f017526_4.jpg;https://kfescdn.visitkorea.or.kr/kfes/upload/contents/db/400_ff39c88c-b447-422b-b0a2-28fd6f017526_5.jpg;https://kfescdn.visitkorea.or.kr/kfes/upload/contents/db/400_ff39c88c-b447-422b-b0a2-28fd6f017526_6.jpg','https://korean.visitkorea.or.kr,https://korean.visitkorea.or.kr,https://korean.visitkorea.or.kr,https://korean.visitkorea.or.kr,https://korean.visitkorea.or.kr');
Insert into BAE.FESTIVAL_IMAGE (FESTIVALID,IMAGE_NAME,IMAGE_DATA) values (877,'https://kfescdn.visitkorea.or.kr/kfes/upload/contents/db/400_38205be7-bb24-4b9b-9e5c-85148be38d6f_4.jpeg;https://kfescdn.visitkorea.or.kr/kfes/upload/contents/db/400_38205be7-bb24-4b9b-9e5c-85148be38d6f_5.JPG;https://kfescdn.visitkorea.or.kr/kfes/upload/contents/db/400_38205be7-bb24-4b9b-9e5c-85148be38d6f_6.JPG;https://kfescdn.visitkorea.or.kr/kfes/upload/contents/db/400_38205be7-bb24-4b9b-9e5c-85148be38d6f_7.JPG;https://kfescdn.visitkorea.or.kr/kfes/upload/contents/db/400_38205be7-bb24-4b9b-9e5c-85148be38d6f_8.JPG;https://kfescdn.visitkorea.or.kr/kfes/upload/contents/db/400_38205be7-bb24-4b9b-9e5c-85148be38d6f_9.jpg;https://kfescdn.visitkorea.or.kr/kfes/upload/contents/db/400_38205be7-bb24-4b9b-9e5c-85148be38d6f_10.jpg;https://kfescdn.visitkorea.or.kr/kfes/upload/contents/db/400_38205be7-bb24-4b9b-9e5c-85148be38d6f_11.jpg','https://korean.visitkorea.or.kr,https://korean.visitkorea.or.kr,https://korean.visitkorea.or.kr,https://korean.visitkorea.or.kr,https://korean.visitkorea.or.kr,https://korean.visitkorea.or.kr,https://korean.visitkorea.or.kr,https://korean.visitkorea.or.kr');
Insert into BAE.FESTIVAL_IMAGE (FESTIVALID,IMAGE_NAME,IMAGE_DATA) values (992,'https://kfescdn.visitkorea.or.kr/kfes/upload/contents/db/400_c983ca5d-b114-4749-bdd1-9ca6989bb4a9_4.jpg;https://kfescdn.visitkorea.or.kr/kfes/upload/contents/db/400_c983ca5d-b114-4749-bdd1-9ca6989bb4a9_5.jpg;https://kfescdn.visitkorea.or.kr/kfes/upload/contents/db/400_c983ca5d-b114-4749-bdd1-9ca6989bb4a9_6.jpg;https://kfescdn.visitkorea.or.kr/kfes/upload/contents/db/400_c983ca5d-b114-4749-bdd1-9ca6989bb4a9_7.jpg;https://kfescdn.visitkorea.or.kr/kfes/upload/contents/db/400_c983ca5d-b114-4749-bdd1-9ca6989bb4a9_8.jpg;https://kfescdn.visitkorea.or.kr/kfes/upload/contents/db/400_c983ca5d-b114-4749-bdd1-9ca6989bb4a9_9.jpg;https://kfescdn.visitkorea.or.kr/kfes/upload/contents/db/400_c983ca5d-b114-4749-bdd1-9ca6989bb4a9_10.jpg;https://kfescdn.visitkorea.or.kr/kfes/upload/contents/db/400_c983ca5d-b114-4749-bdd1-9ca6989bb4a9_11.jpg;https://kfescdn.visitkorea.or.kr/kfes/upload/contents/db/400_c983ca5d-b114-4749-bdd1-9ca6989bb4a9_12.jpg','https://korean.visitkorea.or.kr,https://korean.visitkorea.or.kr,https://korean.visitkorea.or.kr,https://korean.visitkorea.or.kr,https://korean.visitkorea.or.kr,https://korean.visitkorea.or.kr,https://korean.visitkorea.or.kr,https://korean.visitkorea.or.kr,https://korean.visitkorea.or.kr');
Insert into BAE.FESTIVAL_IMAGE (FESTIVALID,IMAGE_NAME,IMAGE_DATA) values (996,'https://kfescdn.visitkorea.or.kr/kfes/upload/contents/db/400_81389bd4-a45c-4aac-bd77-895f0105eddc_3.jpg;https://kfescdn.visitkorea.or.kr/kfes/upload/contents/db/400_81389bd4-a45c-4aac-bd77-895f0105eddc_4.jpg','https://korean.visitkorea.or.kr,https://korean.visitkorea.or.kr');
Insert into BAE.FESTIVAL_IMAGE (FESTIVALID,IMAGE_NAME,IMAGE_DATA) values (1080,null,null);
Insert into BAE.FESTIVAL_IMAGE (FESTIVALID,IMAGE_NAME,IMAGE_DATA) values (929,null,null);
Insert into BAE.FESTIVAL_IMAGE (FESTIVALID,IMAGE_NAME,IMAGE_DATA) values (938,'https://kfescdn.visitkorea.or.kr/kfes/upload/contents/db/400_95d65f28-6c8f-4226-9697-a5a4e9edc801_4.jpg;https://kfescdn.visitkorea.or.kr/kfes/upload/contents/db/400_95d65f28-6c8f-4226-9697-a5a4e9edc801_5.jpg;https://kfescdn.visitkorea.or.kr/kfes/upload/contents/db/400_95d65f28-6c8f-4226-9697-a5a4e9edc801_6.jpg;https://kfescdn.visitkorea.or.kr/kfes/upload/contents/db/400_95d65f28-6c8f-4226-9697-a5a4e9edc801_7.jpg;https://kfescdn.visitkorea.or.kr/kfes/upload/contents/db/400_95d65f28-6c8f-4226-9697-a5a4e9edc801_8.jpg;https://kfescdn.visitkorea.or.kr/kfes/upload/contents/db/400_95d65f28-6c8f-4226-9697-a5a4e9edc801_9.jpg;https://kfescdn.visitkorea.or.kr/kfes/upload/contents/db/400_95d65f28-6c8f-4226-9697-a5a4e9edc801_10.png','https://korean.visitkorea.or.kr,https://korean.visitkorea.or.kr,https://korean.visitkorea.or.kr,https://korean.visitkorea.or.kr,https://korean.visitkorea.or.kr,https://korean.visitkorea.or.kr,https://korean.visitkorea.or.kr');
Insert into BAE.FESTIVAL_IMAGE (FESTIVALID,IMAGE_NAME,IMAGE_DATA) values (1223,'https://kfescdn.visitkorea.or.kr/kfes/upload/contents/db/400_7d2cf1b1-9e46-470d-bfa9-4e2b8272802b_4.jpg;https://kfescdn.visitkorea.or.kr/kfes/upload/contents/db/400_7d2cf1b1-9e46-470d-bfa9-4e2b8272802b_5.jpg;https://kfescdn.visitkorea.or.kr/kfes/upload/contents/db/400_7d2cf1b1-9e46-470d-bfa9-4e2b8272802b_6.jpg;https://kfescdn.visitkorea.or.kr/kfes/upload/contents/db/400_7d2cf1b1-9e46-470d-bfa9-4e2b8272802b_7.jpg','https://korean.visitkorea.or.kr,https://korean.visitkorea.or.kr,https://korean.visitkorea.or.kr,https://korean.visitkorea.or.kr');
Insert into BAE.FESTIVAL_IMAGE (FESTIVALID,IMAGE_NAME,IMAGE_DATA) values (1092,'https://kfescdn.visitkorea.or.kr/kfes/upload/contents/db/400_21318988-6590-40d5-a9ee-d17b806b89a1_4.jpeg;https://kfescdn.visitkorea.or.kr/kfes/upload/contents/db/400_21318988-6590-40d5-a9ee-d17b806b89a1_5.jpeg;https://kfescdn.visitkorea.or.kr/kfes/upload/contents/db/400_21318988-6590-40d5-a9ee-d17b806b89a1_6.jpeg;https://kfescdn.visitkorea.or.kr/kfes/upload/contents/db/400_21318988-6590-40d5-a9ee-d17b806b89a1_7.jpeg;https://kfescdn.visitkorea.or.kr/kfes/upload/contents/db/400_21318988-6590-40d5-a9ee-d17b806b89a1_8.jpg;https://kfescdn.visitkorea.or.kr/kfes/upload/contents/db/400_21318988-6590-40d5-a9ee-d17b806b89a1_9.jpg;https://kfescdn.visitkorea.or.kr/kfes/upload/contents/db/400_21318988-6590-40d5-a9ee-d17b806b89a1_10.JPG;https://kfescdn.visitkorea.or.kr/kfes/upload/contents/db/400_21318988-6590-40d5-a9ee-d17b806b89a1_11.JPG;https://kfescdn.visitkorea.or.kr/kfes/upload/contents/db/400_21318988-6590-40d5-a9ee-d17b806b89a1_12.jpg;https://kfescdn.visitkorea.or.kr/kfes/upload/contents/db/400_21318988-6590-40d5-a9ee-d17b806b89a1_13.jpg;https://kfescdn.visitkorea.or.kr/kfes/upload/contents/db/400_21318988-6590-40d5-a9ee-d17b806b89a1_14.jpg;https://kfescdn.visitkorea.or.kr/kfes/upload/contents/db/400_21318988-6590-40d5-a9ee-d17b806b89a1_15.jpg;https://kfescdn.visitkorea.or.kr/kfes/upload/contents/db/400_21318988-6590-40d5-a9ee-d17b806b89a1_16.jpg;https://kfescdn.visitkorea.or.kr/kfes/upload/contents/db/400_21318988-6590-40d5-a9ee-d17b806b89a1_17.jpg;https://kfescdn.visitkorea.or.kr/kfes/upload/contents/db/400_21318988-6590-40d5-a9ee-d17b806b89a1_18.jpg;https://kfescdn.visitkorea.or.kr/kfes/upload/contents/db/400_21318988-6590-40d5-a9ee-d17b806b89a1_19.jpg;https://kfescdn.visitkorea.or.kr/kfes/upload/contents/db/400_21318988-6590-40d5-a9ee-d17b806b89a1_20.jpg;https://kfescdn.visitkorea.or.kr/kfes/upload/contents/db/400_21318988-6590-40d5-a9ee-d17b806b89a1_21.jpg;https://kfescdn.visitkorea.or.kr/kfes/upload/contents/db/400_21318988-6590-40d5-a9ee-d17b806b89a1_22.jpg;https://kfescdn.visitkorea.or.kr/kfes/upload/contents/db/400_21318988-6590-40d5-a9ee-d17b806b89a1_23.jpg','https://korean.visitkorea.or.kr,https://korean.visitkorea.or.kr,https://korean.visitkorea.or.kr,https://korean.visitkorea.or.kr,https://korean.visitkorea.or.kr,https://korean.visitkorea.or.kr,https://korean.visitkorea.or.kr,https://korean.visitkorea.or.kr,https://korean.visitkorea.or.kr,https://korean.visitkorea.or.kr,https://korean.visitkorea.or.kr,https://korean.visitkorea.or.kr,https://korean.visitkorea.or.kr,https://korean.visitkorea.or.kr,https://korean.visitkorea.or.kr,https://korean.visitkorea.or.kr,https://korean.visitkorea.or.kr,https://korean.visitkorea.or.kr,https://korean.visitkorea.or.kr,https://korean.visitkorea.or.kr');
Insert into BAE.FESTIVAL_IMAGE (FESTIVALID,IMAGE_NAME,IMAGE_DATA) values (1097,'https://kfescdn.visitkorea.or.kr/kfes/upload/contents/db/400_438bf21f-58a5-4ddd-b3cf-30e332b49d3c_4.png;https://kfescdn.visitkorea.or.kr/kfes/upload/contents/db/400_438bf21f-58a5-4ddd-b3cf-30e332b49d3c_5.png;https://kfescdn.visitkorea.or.kr/kfes/upload/contents/db/400_438bf21f-58a5-4ddd-b3cf-30e332b49d3c_6.png','https://korean.visitkorea.or.kr,https://korean.visitkorea.or.kr,https://korean.visitkorea.or.kr');
Insert into BAE.FESTIVAL_IMAGE (FESTIVALID,IMAGE_NAME,IMAGE_DATA) values (1249,'https://kfescdn.visitkorea.or.kr/kfes/upload/contents/db/400_fb5400b3-0111-4102-909d-cda418b1b521_4.JPG;https://kfescdn.visitkorea.or.kr/kfes/upload/contents/db/400_fb5400b3-0111-4102-909d-cda418b1b521_5.jpg;https://kfescdn.visitkorea.or.kr/kfes/upload/contents/db/400_fb5400b3-0111-4102-909d-cda418b1b521_6.JPG;https://kfescdn.visitkorea.or.kr/kfes/upload/contents/db/400_fb5400b3-0111-4102-909d-cda418b1b521_7.JPG;https://kfescdn.visitkorea.or.kr/kfes/upload/contents/db/400_fb5400b3-0111-4102-909d-cda418b1b521_8.jpg;https://kfescdn.visitkorea.or.kr/kfes/upload/contents/db/400_fb5400b3-0111-4102-909d-cda418b1b521_9.jpg;https://kfescdn.visitkorea.or.kr/kfes/upload/contents/db/400_fb5400b3-0111-4102-909d-cda418b1b521_10.jpg;https://kfescdn.visitkorea.or.kr/kfes/upload/contents/db/400_fb5400b3-0111-4102-909d-cda418b1b521_11.JPG','https://korean.visitkorea.or.kr,https://korean.visitkorea.or.kr,https://korean.visitkorea.or.kr,https://korean.visitkorea.or.kr,https://korean.visitkorea.or.kr,https://korean.visitkorea.or.kr,https://korean.visitkorea.or.kr,https://korean.visitkorea.or.kr');
Insert into BAE.FESTIVAL_IMAGE (FESTIVALID,IMAGE_NAME,IMAGE_DATA) values (702,'https://kfescdn.visitkorea.or.kr/kfes/upload/contents/db/400_0c211bd6-664c-44f0-9fde-aeb883ce8a80_4.jpg;https://kfescdn.visitkorea.or.kr/kfes/upload/contents/db/400_0c211bd6-664c-44f0-9fde-aeb883ce8a80_5.jpg;https://kfescdn.visitkorea.or.kr/kfes/upload/contents/db/400_0c211bd6-664c-44f0-9fde-aeb883ce8a80_6.jpg;https://kfescdn.visitkorea.or.kr/kfes/upload/contents/db/400_0c211bd6-664c-44f0-9fde-aeb883ce8a80_7.jpg','https://korean.visitkorea.or.kr,https://korean.visitkorea.or.kr,https://korean.visitkorea.or.kr,https://korean.visitkorea.or.kr');
Insert into BAE.FESTIVAL_IMAGE (FESTIVALID,IMAGE_NAME,IMAGE_DATA) values (1250,null,null);
Insert into BAE.FESTIVAL_IMAGE (FESTIVALID,IMAGE_NAME,IMAGE_DATA) values (1275,'https://kfescdn.visitkorea.or.kr/kfes/upload/contents/db/400_216ba734-e68d-456d-ba76-1d1b35603f38_4.JPG;https://kfescdn.visitkorea.or.kr/kfes/upload/contents/db/400_216ba734-e68d-456d-ba76-1d1b35603f38_5.JPG;https://kfescdn.visitkorea.or.kr/kfes/upload/contents/db/400_216ba734-e68d-456d-ba76-1d1b35603f38_6.JPG;https://kfescdn.visitkorea.or.kr/kfes/upload/contents/db/400_216ba734-e68d-456d-ba76-1d1b35603f38_7.JPG;https://kfescdn.visitkorea.or.kr/kfes/upload/contents/db/400_216ba734-e68d-456d-ba76-1d1b35603f38_8.JPG;https://kfescdn.visitkorea.or.kr/kfes/upload/contents/db/400_216ba734-e68d-456d-ba76-1d1b35603f38_9.JPG;https://kfescdn.visitkorea.or.kr/kfes/upload/contents/db/400_216ba734-e68d-456d-ba76-1d1b35603f38_10.JPG;https://kfescdn.visitkorea.or.kr/kfes/upload/contents/db/400_216ba734-e68d-456d-ba76-1d1b35603f38_11.JPG','https://korean.visitkorea.or.kr,https://korean.visitkorea.or.kr,https://korean.visitkorea.or.kr,https://korean.visitkorea.or.kr,https://korean.visitkorea.or.kr,https://korean.visitkorea.or.kr,https://korean.visitkorea.or.kr,https://korean.visitkorea.or.kr');
Insert into BAE.FESTIVAL_IMAGE (FESTIVALID,IMAGE_NAME,IMAGE_DATA) values (1278,'https://kfescdn.visitkorea.or.kr/kfes/upload/contents/db/400_78db2649-69d9-4710-a0d3-3c8f91c26720_4.JPG;https://kfescdn.visitkorea.or.kr/kfes/upload/contents/db/400_78db2649-69d9-4710-a0d3-3c8f91c26720_5.JPG;https://kfescdn.visitkorea.or.kr/kfes/upload/contents/db/400_78db2649-69d9-4710-a0d3-3c8f91c26720_6.JPG;https://kfescdn.visitkorea.or.kr/kfes/upload/contents/db/400_78db2649-69d9-4710-a0d3-3c8f91c26720_7.JPG;https://kfescdn.visitkorea.or.kr/kfes/upload/contents/db/400_78db2649-69d9-4710-a0d3-3c8f91c26720_8.JPG','https://korean.visitkorea.or.kr,https://korean.visitkorea.or.kr,https://korean.visitkorea.or.kr,https://korean.visitkorea.or.kr,https://korean.visitkorea.or.kr');
Insert into BAE.FESTIVAL_IMAGE (FESTIVALID,IMAGE_NAME,IMAGE_DATA) values (1286,'https://kfescdn.visitkorea.or.kr/kfes/upload/contents/db/400_1f4196b6-5e15-4e22-accf-6e57a484612c_4.JPG;https://kfescdn.visitkorea.or.kr/kfes/upload/contents/db/400_1f4196b6-5e15-4e22-accf-6e57a484612c_5.JPG;https://kfescdn.visitkorea.or.kr/kfes/upload/contents/db/400_1f4196b6-5e15-4e22-accf-6e57a484612c_6.JPG;https://kfescdn.visitkorea.or.kr/kfes/upload/contents/db/400_1f4196b6-5e15-4e22-accf-6e57a484612c_7.JPG;https://kfescdn.visitkorea.or.kr/kfes/upload/contents/db/400_1f4196b6-5e15-4e22-accf-6e57a484612c_8.JPG;https://kfescdn.visitkorea.or.kr/kfes/upload/contents/db/400_1f4196b6-5e15-4e22-accf-6e57a484612c_9.JPG;https://kfescdn.visitkorea.or.kr/kfes/upload/contents/db/400_1f4196b6-5e15-4e22-accf-6e57a484612c_10.jpg;https://kfescdn.visitkorea.or.kr/kfes/upload/contents/db/400_1f4196b6-5e15-4e22-accf-6e57a484612c_11.JPG;https://kfescdn.visitkorea.or.kr/kfes/upload/contents/db/400_1f4196b6-5e15-4e22-accf-6e57a484612c_12.png;https://kfescdn.visitkorea.or.kr/kfes/upload/contents/db/400_1f4196b6-5e15-4e22-accf-6e57a484612c_13.png;https://kfescdn.visitkorea.or.kr/kfes/upload/contents/db/400_1f4196b6-5e15-4e22-accf-6e57a484612c_14.png;https://kfescdn.visitkorea.or.kr/kfes/upload/contents/db/400_1f4196b6-5e15-4e22-accf-6e57a484612c_15.png;https://kfescdn.visitkorea.or.kr/kfes/upload/contents/db/400_1f4196b6-5e15-4e22-accf-6e57a484612c_16.jpg;https://kfescdn.visitkorea.or.kr/kfes/upload/contents/db/400_1f4196b6-5e15-4e22-accf-6e57a484612c_17.jpg;https://kfescdn.visitkorea.or.kr/kfes/upload/contents/db/400_1f4196b6-5e15-4e22-accf-6e57a484612c_18.jpg;https://kfescdn.visitkorea.or.kr/kfes/upload/contents/db/400_1f4196b6-5e15-4e22-accf-6e57a484612c_19.jpg;https://kfescdn.visitkorea.or.kr/kfes/upload/contents/db/400_1f4196b6-5e15-4e22-accf-6e57a484612c_20.jpg;https://kfescdn.visitkorea.or.kr/kfes/upload/contents/db/400_1f4196b6-5e15-4e22-accf-6e57a484612c_21.jpg','https://korean.visitkorea.or.kr,https://korean.visitkorea.or.kr,https://korean.visitkorea.or.kr,https://korean.visitkorea.or.kr,https://korean.visitkorea.or.kr,https://korean.visitkorea.or.kr,https://korean.visitkorea.or.kr,https://korean.visitkorea.or.kr,https://korean.visitkorea.or.kr,https://korean.visitkorea.or.kr,https://korean.visitkorea.or.kr,https://korean.visitkorea.or.kr,https://korean.visitkorea.or.kr,https://korean.visitkorea.or.kr,https://korean.visitkorea.or.kr,https://korean.visitkorea.or.kr,https://korean.visitkorea.or.kr,https://korean.visitkorea.or.kr');
Insert into BAE.FESTIVAL_IMAGE (FESTIVALID,IMAGE_NAME,IMAGE_DATA) values (1292,null,null);
Insert into BAE.FESTIVAL_IMAGE (FESTIVALID,IMAGE_NAME,IMAGE_DATA) values (1217,null,null);
Insert into BAE.FESTIVAL_IMAGE (FESTIVALID,IMAGE_NAME,IMAGE_DATA) values (1274,'https://kfescdn.visitkorea.or.kr/kfes/upload/contents/db/400_0adfacfd-8bf9-4b49-a7dc-79b30060eff8_3.JPG;https://kfescdn.visitkorea.or.kr/kfes/upload/contents/db/400_0adfacfd-8bf9-4b49-a7dc-79b30060eff8_4.JPG;https://kfescdn.visitkorea.or.kr/kfes/upload/contents/db/400_0adfacfd-8bf9-4b49-a7dc-79b30060eff8_5.JPG;https://kfescdn.visitkorea.or.kr/kfes/upload/contents/db/400_0adfacfd-8bf9-4b49-a7dc-79b30060eff8_6.JPG','https://korean.visitkorea.or.kr,https://korean.visitkorea.or.kr,https://korean.visitkorea.or.kr,https://korean.visitkorea.or.kr');
Insert into BAE.FESTIVAL_IMAGE (FESTIVALID,IMAGE_NAME,IMAGE_DATA) values (1276,'https://kfescdn.visitkorea.or.kr/kfes/upload/contents/db/400_b085d873-80bb-450c-9e5c-0afaef7adf55_3.jpg;https://kfescdn.visitkorea.or.kr/kfes/upload/contents/db/400_b085d873-80bb-450c-9e5c-0afaef7adf55_4.jpg;https://kfescdn.visitkorea.or.kr/kfes/upload/contents/db/400_b085d873-80bb-450c-9e5c-0afaef7adf55_5.jpg;https://kfescdn.visitkorea.or.kr/kfes/upload/contents/db/400_b085d873-80bb-450c-9e5c-0afaef7adf55_6.jpg;https://kfescdn.visitkorea.or.kr/kfes/upload/contents/db/400_b085d873-80bb-450c-9e5c-0afaef7adf55_7.jpg;https://kfescdn.visitkorea.or.kr/kfes/upload/contents/db/400_b085d873-80bb-450c-9e5c-0afaef7adf55_8.jpg','https://korean.visitkorea.or.kr,https://korean.visitkorea.or.kr,https://korean.visitkorea.or.kr,https://korean.visitkorea.or.kr,https://korean.visitkorea.or.kr,https://korean.visitkorea.or.kr');
Insert into BAE.FESTIVAL_IMAGE (FESTIVALID,IMAGE_NAME,IMAGE_DATA) values (1285,'https://kfescdn.visitkorea.or.kr/kfes/upload/contents/db/400_f706f043-fc2f-4fca-9e9a-bcd588eaafb4_4.jpg;https://kfescdn.visitkorea.or.kr/kfes/upload/contents/db/400_f706f043-fc2f-4fca-9e9a-bcd588eaafb4_5.JPG;https://kfescdn.visitkorea.or.kr/kfes/upload/contents/db/400_f706f043-fc2f-4fca-9e9a-bcd588eaafb4_6.jpg;https://kfescdn.visitkorea.or.kr/kfes/upload/contents/db/400_f706f043-fc2f-4fca-9e9a-bcd588eaafb4_7.jpg','https://korean.visitkorea.or.kr,https://korean.visitkorea.or.kr,https://korean.visitkorea.or.kr,https://korean.visitkorea.or.kr');
Insert into BAE.FESTIVAL_IMAGE (FESTIVALID,IMAGE_NAME,IMAGE_DATA) values (1291,'https://kfescdn.visitkorea.or.kr/kfes/upload/contents/db/400_b530def8-d159-4853-8434-c98212e985e6_3.jpg;https://kfescdn.visitkorea.or.kr/kfes/upload/contents/db/400_b530def8-d159-4853-8434-c98212e985e6_4.jpg;https://kfescdn.visitkorea.or.kr/kfes/upload/contents/db/400_b530def8-d159-4853-8434-c98212e985e6_5.jpg;https://kfescdn.visitkorea.or.kr/kfes/upload/contents/db/400_b530def8-d159-4853-8434-c98212e985e6_6.jpg;https://kfescdn.visitkorea.or.kr/kfes/upload/contents/db/400_b530def8-d159-4853-8434-c98212e985e6_7.jpg;https://kfescdn.visitkorea.or.kr/kfes/upload/contents/db/400_b530def8-d159-4853-8434-c98212e985e6_8.jpg;https://kfescdn.visitkorea.or.kr/kfes/upload/contents/db/400_b530def8-d159-4853-8434-c98212e985e6_9.jpg;https://kfescdn.visitkorea.or.kr/kfes/upload/contents/db/400_b530def8-d159-4853-8434-c98212e985e6_10.jpg;https://kfescdn.visitkorea.or.kr/kfes/upload/contents/db/400_b530def8-d159-4853-8434-c98212e985e6_11.jpg;https://kfescdn.visitkorea.or.kr/kfes/upload/contents/db/400_b530def8-d159-4853-8434-c98212e985e6_12.jpg;https://kfescdn.visitkorea.or.kr/kfes/upload/contents/db/400_b530def8-d159-4853-8434-c98212e985e6_13.jpg;https://kfescdn.visitkorea.or.kr/kfes/upload/contents/db/400_b530def8-d159-4853-8434-c98212e985e6_14.jpg;https://kfescdn.visitkorea.or.kr/kfes/upload/contents/db/400_b530def8-d159-4853-8434-c98212e985e6_15.jpg;https://kfescdn.visitkorea.or.kr/kfes/upload/contents/db/400_b530def8-d159-4853-8434-c98212e985e6_16.jpg;https://kfescdn.visitkorea.or.kr/kfes/upload/contents/db/400_b530def8-d159-4853-8434-c98212e985e6_17.jpg;https://kfescdn.visitkorea.or.kr/kfes/upload/contents/db/400_b530def8-d159-4853-8434-c98212e985e6_18.jpg;https://kfescdn.visitkorea.or.kr/kfes/upload/contents/db/400_b530def8-d159-4853-8434-c98212e985e6_19.jpg;https://kfescdn.visitkorea.or.kr/kfes/upload/contents/db/400_b530def8-d159-4853-8434-c98212e985e6_20.jpg','https://korean.visitkorea.or.kr,https://korean.visitkorea.or.kr,https://korean.visitkorea.or.kr,https://korean.visitkorea.or.kr,https://korean.visitkorea.or.kr,https://korean.visitkorea.or.kr,https://korean.visitkorea.or.kr,https://korean.visitkorea.or.kr,https://korean.visitkorea.or.kr,https://korean.visitkorea.or.kr,https://korean.visitkorea.or.kr,https://korean.visitkorea.or.kr,https://korean.visitkorea.or.kr,https://korean.visitkorea.or.kr,https://korean.visitkorea.or.kr,https://korean.visitkorea.or.kr,https://korean.visitkorea.or.kr,https://korean.visitkorea.or.kr');
Insert into BAE.FESTIVAL_IMAGE (FESTIVALID,IMAGE_NAME,IMAGE_DATA) values (1315,'https://kfescdn.visitkorea.or.kr/kfes/upload/contents/db/400_52c26e05-2f86-4332-8181-ca3f68edb064_3.png;https://kfescdn.visitkorea.or.kr/kfes/upload/contents/db/400_52c26e05-2f86-4332-8181-ca3f68edb064_4.jpg;https://kfescdn.visitkorea.or.kr/kfes/upload/contents/db/400_52c26e05-2f86-4332-8181-ca3f68edb064_5.jpg;https://kfescdn.visitkorea.or.kr/kfes/upload/contents/db/400_52c26e05-2f86-4332-8181-ca3f68edb064_6.JPG;https://kfescdn.visitkorea.or.kr/kfes/upload/contents/db/400_52c26e05-2f86-4332-8181-ca3f68edb064_7.jpg;https://kfescdn.visitkorea.or.kr/kfes/upload/contents/db/400_52c26e05-2f86-4332-8181-ca3f68edb064_8.jpg;https://kfescdn.visitkorea.or.kr/kfes/upload/contents/db/400_52c26e05-2f86-4332-8181-ca3f68edb064_9.png;https://kfescdn.visitkorea.or.kr/kfes/upload/contents/db/400_52c26e05-2f86-4332-8181-ca3f68edb064_10.png;https://kfescdn.visitkorea.or.kr/kfes/upload/contents/db/400_52c26e05-2f86-4332-8181-ca3f68edb064_11.jpg;https://kfescdn.visitkorea.or.kr/kfes/upload/contents/db/400_52c26e05-2f86-4332-8181-ca3f68edb064_12.JPG;https://kfescdn.visitkorea.or.kr/kfes/upload/contents/db/400_52c26e05-2f86-4332-8181-ca3f68edb064_13.jpg;https://kfescdn.visitkorea.or.kr/kfes/upload/contents/db/400_52c26e05-2f86-4332-8181-ca3f68edb064_14.JPG;https://kfescdn.visitkorea.or.kr/kfes/upload/contents/db/400_52c26e05-2f86-4332-8181-ca3f68edb064_15.jpg;https://kfescdn.visitkorea.or.kr/kfes/upload/contents/db/400_52c26e05-2f86-4332-8181-ca3f68edb064_16.JPG;https://kfescdn.visitkorea.or.kr/kfes/upload/contents/db/400_52c26e05-2f86-4332-8181-ca3f68edb064_17.JPG;https://kfescdn.visitkorea.or.kr/kfes/upload/contents/db/400_52c26e05-2f86-4332-8181-ca3f68edb064_18.jpg','https://korean.visitkorea.or.kr,https://korean.visitkorea.or.kr,https://korean.visitkorea.or.kr,https://korean.visitkorea.or.kr,https://korean.visitkorea.or.kr,https://korean.visitkorea.or.kr,https://korean.visitkorea.or.kr,https://korean.visitkorea.or.kr,https://korean.visitkorea.or.kr,https://korean.visitkorea.or.kr,https://korean.visitkorea.or.kr,https://korean.visitkorea.or.kr,https://korean.visitkorea.or.kr,https://korean.visitkorea.or.kr,https://korean.visitkorea.or.kr,https://korean.visitkorea.or.kr');
Insert into BAE.FESTIVAL_IMAGE (FESTIVALID,IMAGE_NAME,IMAGE_DATA) values (710,'https://kfescdn.visitkorea.or.kr/kfes/upload/contents/db/400_b9ea7e77-6f20-4538-b5b3-eca05dfb49cf_3.JPG;https://kfescdn.visitkorea.or.kr/kfes/upload/contents/db/400_b9ea7e77-6f20-4538-b5b3-eca05dfb49cf_4.JPG;https://kfescdn.visitkorea.or.kr/kfes/upload/contents/db/400_b9ea7e77-6f20-4538-b5b3-eca05dfb49cf_5.jpg;https://kfescdn.visitkorea.or.kr/kfes/upload/contents/db/400_b9ea7e77-6f20-4538-b5b3-eca05dfb49cf_6.jpg;https://kfescdn.visitkorea.or.kr/kfes/upload/contents/db/400_b9ea7e77-6f20-4538-b5b3-eca05dfb49cf_7.JPG;https://kfescdn.visitkorea.or.kr/kfes/upload/contents/db/400_b9ea7e77-6f20-4538-b5b3-eca05dfb49cf_8.jpg','https://korean.visitkorea.or.kr,https://korean.visitkorea.or.kr,https://korean.visitkorea.or.kr,https://korean.visitkorea.or.kr,https://korean.visitkorea.or.kr,https://korean.visitkorea.or.kr');
Insert into BAE.FESTIVAL_IMAGE (FESTIVALID,IMAGE_NAME,IMAGE_DATA) values (1104,'https://kfescdn.visitkorea.or.kr/kfes/upload/contents/db/400_83e1c0ed-fc26-49df-9364-6bc7729d14b6_4.png;https://kfescdn.visitkorea.or.kr/kfes/upload/contents/db/400_83e1c0ed-fc26-49df-9364-6bc7729d14b6_5.png;https://kfescdn.visitkorea.or.kr/kfes/upload/contents/db/400_83e1c0ed-fc26-49df-9364-6bc7729d14b6_6.png;https://kfescdn.visitkorea.or.kr/kfes/upload/contents/db/400_83e1c0ed-fc26-49df-9364-6bc7729d14b6_7.jpg;https://kfescdn.visitkorea.or.kr/kfes/upload/contents/db/400_83e1c0ed-fc26-49df-9364-6bc7729d14b6_8.JPG;https://kfescdn.visitkorea.or.kr/kfes/upload/contents/db/400_83e1c0ed-fc26-49df-9364-6bc7729d14b6_9.png;https://kfescdn.visitkorea.or.kr/kfes/upload/contents/db/400_83e1c0ed-fc26-49df-9364-6bc7729d14b6_10.JPG;https://kfescdn.visitkorea.or.kr/kfes/upload/contents/db/400_83e1c0ed-fc26-49df-9364-6bc7729d14b6_11.png;https://kfescdn.visitkorea.or.kr/kfes/upload/contents/db/400_83e1c0ed-fc26-49df-9364-6bc7729d14b6_12.png;https://kfescdn.visitkorea.or.kr/kfes/upload/contents/db/400_83e1c0ed-fc26-49df-9364-6bc7729d14b6_13.png;https://kfescdn.visitkorea.or.kr/kfes/upload/contents/db/400_83e1c0ed-fc26-49df-9364-6bc7729d14b6_14.JPG;https://kfescdn.visitkorea.or.kr/kfes/upload/contents/db/400_83e1c0ed-fc26-49df-9364-6bc7729d14b6_15.jpg;https://kfescdn.visitkorea.or.kr/kfes/upload/contents/db/400_83e1c0ed-fc26-49df-9364-6bc7729d14b6_16.jpg;https://kfescdn.visitkorea.or.kr/kfes/upload/contents/db/400_83e1c0ed-fc26-49df-9364-6bc7729d14b6_17.JPG','https://korean.visitkorea.or.kr,https://korean.visitkorea.or.kr,https://korean.visitkorea.or.kr,https://korean.visitkorea.or.kr,https://korean.visitkorea.or.kr,https://korean.visitkorea.or.kr,https://korean.visitkorea.or.kr,https://korean.visitkorea.or.kr,https://korean.visitkorea.or.kr,https://korean.visitkorea.or.kr,https://korean.visitkorea.or.kr,https://korean.visitkorea.or.kr,https://korean.visitkorea.or.kr,https://korean.visitkorea.or.kr');
Insert into BAE.FESTIVAL_IMAGE (FESTIVALID,IMAGE_NAME,IMAGE_DATA) values (1121,'https://kfescdn.visitkorea.or.kr/kfes/upload/contents/db/400_c3d27433-8ec5-44a1-afa4-47a43f92e8d8_4.jpg;https://kfescdn.visitkorea.or.kr/kfes/upload/contents/db/400_c3d27433-8ec5-44a1-afa4-47a43f92e8d8_5.jpg;https://kfescdn.visitkorea.or.kr/kfes/upload/contents/db/400_c3d27433-8ec5-44a1-afa4-47a43f92e8d8_6.jpg','https://korean.visitkorea.or.kr,https://korean.visitkorea.or.kr,https://korean.visitkorea.or.kr');
Insert into BAE.FESTIVAL_IMAGE (FESTIVALID,IMAGE_NAME,IMAGE_DATA) values (995,'https://kfescdn.visitkorea.or.kr/kfes/upload/contents/db/400_e08a0271-e312-4025-bf88-d1835fc2d9c3_3.jpg','https://korean.visitkorea.or.kr');
Insert into BAE.FESTIVAL_IMAGE (FESTIVALID,IMAGE_NAME,IMAGE_DATA) values (997,'https://kfescdn.visitkorea.or.kr/kfes/upload/contents/db/400_db23162b-9cf9-4333-a859-17a7f07344c8_4.jpg;https://kfescdn.visitkorea.or.kr/kfes/upload/contents/db/400_db23162b-9cf9-4333-a859-17a7f07344c8_5.jpg;https://kfescdn.visitkorea.or.kr/kfes/upload/contents/db/400_db23162b-9cf9-4333-a859-17a7f07344c8_6.jpg','https://korean.visitkorea.or.kr,https://korean.visitkorea.or.kr,https://korean.visitkorea.or.kr');
Insert into BAE.FESTIVAL_IMAGE (FESTIVALID,IMAGE_NAME,IMAGE_DATA) values (1091,'https://kfescdn.visitkorea.or.kr/kfes/upload/contents/db/400_8146cbf1-2012-4178-aa12-06ddfb702361_4.jpg;https://kfescdn.visitkorea.or.kr/kfes/upload/contents/db/400_8146cbf1-2012-4178-aa12-06ddfb702361_5.png;https://kfescdn.visitkorea.or.kr/kfes/upload/contents/db/400_8146cbf1-2012-4178-aa12-06ddfb702361_6.png;https://kfescdn.visitkorea.or.kr/kfes/upload/contents/db/400_8146cbf1-2012-4178-aa12-06ddfb702361_7.png;https://kfescdn.visitkorea.or.kr/kfes/upload/contents/db/400_8146cbf1-2012-4178-aa12-06ddfb702361_8.jpg;https://kfescdn.visitkorea.or.kr/kfes/upload/contents/db/400_8146cbf1-2012-4178-aa12-06ddfb702361_9.jpg;https://kfescdn.visitkorea.or.kr/kfes/upload/contents/db/400_8146cbf1-2012-4178-aa12-06ddfb702361_10.jpg;https://kfescdn.visitkorea.or.kr/kfes/upload/contents/db/400_8146cbf1-2012-4178-aa12-06ddfb702361_11.JPG;https://kfescdn.visitkorea.or.kr/kfes/upload/contents/db/400_8146cbf1-2012-4178-aa12-06ddfb702361_12.jpg;https://kfescdn.visitkorea.or.kr/kfes/upload/contents/db/400_8146cbf1-2012-4178-aa12-06ddfb702361_13.jpg;https://kfescdn.visitkorea.or.kr/kfes/upload/contents/db/400_8146cbf1-2012-4178-aa12-06ddfb702361_14.JPG;https://kfescdn.visitkorea.or.kr/kfes/upload/contents/db/400_8146cbf1-2012-4178-aa12-06ddfb702361_15.jpg;https://kfescdn.visitkorea.or.kr/kfes/upload/contents/db/400_8146cbf1-2012-4178-aa12-06ddfb702361_16.jpg;https://kfescdn.visitkorea.or.kr/kfes/upload/contents/db/400_8146cbf1-2012-4178-aa12-06ddfb702361_17.jpg;https://kfescdn.visitkorea.or.kr/kfes/upload/contents/db/400_8146cbf1-2012-4178-aa12-06ddfb702361_18.jpg','https://korean.visitkorea.or.kr,https://korean.visitkorea.or.kr,https://korean.visitkorea.or.kr,https://korean.visitkorea.or.kr,https://korean.visitkorea.or.kr,https://korean.visitkorea.or.kr,https://korean.visitkorea.or.kr,https://korean.visitkorea.or.kr,https://korean.visitkorea.or.kr,https://korean.visitkorea.or.kr,https://korean.visitkorea.or.kr,https://korean.visitkorea.or.kr,https://korean.visitkorea.or.kr,https://korean.visitkorea.or.kr,https://korean.visitkorea.or.kr');
Insert into BAE.FESTIVAL_IMAGE (FESTIVALID,IMAGE_NAME,IMAGE_DATA) values (1093,'https://kfescdn.visitkorea.or.kr/kfes/upload/contents/db/400_97898552-1e73-46e2-bba5-ab4f5d0f8670_4.png;https://kfescdn.visitkorea.or.kr/kfes/upload/contents/db/400_97898552-1e73-46e2-bba5-ab4f5d0f8670_5.png;https://kfescdn.visitkorea.or.kr/kfes/upload/contents/db/400_97898552-1e73-46e2-bba5-ab4f5d0f8670_6.png','https://korean.visitkorea.or.kr,https://korean.visitkorea.or.kr,https://korean.visitkorea.or.kr');
Insert into BAE.FESTIVAL_IMAGE (FESTIVALID,IMAGE_NAME,IMAGE_DATA) values (1099,'https://kfescdn.visitkorea.or.kr/kfes/upload/contents/db/400_97898552-1e73-46e2-bba5-ab4f5d0f8670_4.png;https://kfescdn.visitkorea.or.kr/kfes/upload/contents/db/400_97898552-1e73-46e2-bba5-ab4f5d0f8670_5.png;https://kfescdn.visitkorea.or.kr/kfes/upload/contents/db/400_97898552-1e73-46e2-bba5-ab4f5d0f8670_6.png','https://korean.visitkorea.or.kr,https://korean.visitkorea.or.kr,https://korean.visitkorea.or.kr');
Insert into BAE.FESTIVAL_IMAGE (FESTIVALID,IMAGE_NAME,IMAGE_DATA) values (932,'https://kfescdn.visitkorea.or.kr/kfes/upload/contents/db/400_91d342bb-3483-4b3a-a99a-20dbbb29a241_4.jpg;https://kfescdn.visitkorea.or.kr/kfes/upload/contents/db/400_91d342bb-3483-4b3a-a99a-20dbbb29a241_5.jpg;https://kfescdn.visitkorea.or.kr/kfes/upload/contents/db/400_91d342bb-3483-4b3a-a99a-20dbbb29a241_6.jpg','https://korean.visitkorea.or.kr,https://korean.visitkorea.or.kr,https://korean.visitkorea.or.kr');
Insert into BAE.FESTIVAL_IMAGE (FESTIVALID,IMAGE_NAME,IMAGE_DATA) values (941,'https://kfescdn.visitkorea.or.kr/kfes/upload/contents/db/400_fa02faaf-09e2-49f6-8e44-76ce9c59b357_4.jpg','https://korean.visitkorea.or.kr');
Insert into BAE.FESTIVAL_IMAGE (FESTIVALID,IMAGE_NAME,IMAGE_DATA) values (1247,'https://kfescdn.visitkorea.or.kr/kfes/upload/contents/db/400_0cb07dbe-6334-4ed2-89cf-eb7a64032f17_3.png','https://korean.visitkorea.or.kr');
Insert into BAE.FESTIVAL_IMAGE (FESTIVALID,IMAGE_NAME,IMAGE_DATA) values (1327,'https://kfescdn.visitkorea.or.kr/kfes/upload/contents/db/400_910bb144-bf74-4eee-9e91-8fbcbaf302ac_4.jpg;https://kfescdn.visitkorea.or.kr/kfes/upload/contents/db/400_910bb144-bf74-4eee-9e91-8fbcbaf302ac_5.jpg;https://kfescdn.visitkorea.or.kr/kfes/upload/contents/db/400_910bb144-bf74-4eee-9e91-8fbcbaf302ac_6.JPG;https://kfescdn.visitkorea.or.kr/kfes/upload/contents/db/400_910bb144-bf74-4eee-9e91-8fbcbaf302ac_7.JPG;https://kfescdn.visitkorea.or.kr/kfes/upload/contents/db/400_910bb144-bf74-4eee-9e91-8fbcbaf302ac_8.JPG;https://kfescdn.visitkorea.or.kr/kfes/upload/contents/db/400_910bb144-bf74-4eee-9e91-8fbcbaf302ac_9.jpg;https://kfescdn.visitkorea.or.kr/kfes/upload/contents/db/400_910bb144-bf74-4eee-9e91-8fbcbaf302ac_10.JPG;https://kfescdn.visitkorea.or.kr/kfes/upload/contents/db/400_910bb144-bf74-4eee-9e91-8fbcbaf302ac_11.jpg;https://kfescdn.visitkorea.or.kr/kfes/upload/contents/db/400_910bb144-bf74-4eee-9e91-8fbcbaf302ac_12.jpg;https://kfescdn.visitkorea.or.kr/kfes/upload/contents/db/400_910bb144-bf74-4eee-9e91-8fbcbaf302ac_13.jpg;https://kfescdn.visitkorea.or.kr/kfes/upload/contents/db/400_910bb144-bf74-4eee-9e91-8fbcbaf302ac_14.JPG;https://kfescdn.visitkorea.or.kr/kfes/upload/contents/db/400_910bb144-bf74-4eee-9e91-8fbcbaf302ac_15.png','https://korean.visitkorea.or.kr,https://korean.visitkorea.or.kr,https://korean.visitkorea.or.kr,https://korean.visitkorea.or.kr,https://korean.visitkorea.or.kr,https://korean.visitkorea.or.kr,https://korean.visitkorea.or.kr,https://korean.visitkorea.or.kr,https://korean.visitkorea.or.kr,https://korean.visitkorea.or.kr,https://korean.visitkorea.or.kr,https://korean.visitkorea.or.kr');
Insert into BAE.FESTIVAL_IMAGE (FESTIVALID,IMAGE_NAME,IMAGE_DATA) values (1216,'https://kfescdn.visitkorea.or.kr/kfes/upload/contents/db/400_be33c700-c288-4dd4-8e9d-ac654383d01c_4.jpg;https://kfescdn.visitkorea.or.kr/kfes/upload/contents/db/400_be33c700-c288-4dd4-8e9d-ac654383d01c_5.jpg;https://kfescdn.visitkorea.or.kr/kfes/upload/contents/db/400_be33c700-c288-4dd4-8e9d-ac654383d01c_6.jpg;https://kfescdn.visitkorea.or.kr/kfes/upload/contents/db/400_be33c700-c288-4dd4-8e9d-ac654383d01c_7.jpg;https://kfescdn.visitkorea.or.kr/kfes/upload/contents/db/400_be33c700-c288-4dd4-8e9d-ac654383d01c_8.JPG;https://kfescdn.visitkorea.or.kr/kfes/upload/contents/db/400_be33c700-c288-4dd4-8e9d-ac654383d01c_9.jpg;https://kfescdn.visitkorea.or.kr/kfes/upload/contents/db/400_be33c700-c288-4dd4-8e9d-ac654383d01c_10.jpg;https://kfescdn.visitkorea.or.kr/kfes/upload/contents/db/400_be33c700-c288-4dd4-8e9d-ac654383d01c_11.jpg;https://kfescdn.visitkorea.or.kr/kfes/upload/contents/db/400_be33c700-c288-4dd4-8e9d-ac654383d01c_12.jpg','https://korean.visitkorea.or.kr,https://korean.visitkorea.or.kr,https://korean.visitkorea.or.kr,https://korean.visitkorea.or.kr,https://korean.visitkorea.or.kr,https://korean.visitkorea.or.kr,https://korean.visitkorea.or.kr,https://korean.visitkorea.or.kr,https://korean.visitkorea.or.kr');
Insert into BAE.FESTIVAL_IMAGE (FESTIVALID,IMAGE_NAME,IMAGE_DATA) values (1359,'https://kfescdn.visitkorea.or.kr/kfes/upload/contents/db/400_cb917c87-263e-4474-b578-b75564ed2eae_4.jpg;https://kfescdn.visitkorea.or.kr/kfes/upload/contents/db/400_cb917c87-263e-4474-b578-b75564ed2eae_5.jpg;https://kfescdn.visitkorea.or.kr/kfes/upload/contents/db/400_cb917c87-263e-4474-b578-b75564ed2eae_6.jpg;https://kfescdn.visitkorea.or.kr/kfes/upload/contents/db/400_cb917c87-263e-4474-b578-b75564ed2eae_7.jpg;https://kfescdn.visitkorea.or.kr/kfes/upload/contents/db/400_cb917c87-263e-4474-b578-b75564ed2eae_8.jpg;https://kfescdn.visitkorea.or.kr/kfes/upload/contents/db/400_cb917c87-263e-4474-b578-b75564ed2eae_9.jpg;https://kfescdn.visitkorea.or.kr/kfes/upload/contents/db/400_cb917c87-263e-4474-b578-b75564ed2eae_10.jpg;https://kfescdn.visitkorea.or.kr/kfes/upload/contents/db/400_cb917c87-263e-4474-b578-b75564ed2eae_11.jpg;https://kfescdn.visitkorea.or.kr/kfes/upload/contents/db/400_cb917c87-263e-4474-b578-b75564ed2eae_12.jpg','https://korean.visitkorea.or.kr,https://korean.visitkorea.or.kr,https://korean.visitkorea.or.kr,https://korean.visitkorea.or.kr,https://korean.visitkorea.or.kr,https://korean.visitkorea.or.kr,https://korean.visitkorea.or.kr,https://korean.visitkorea.or.kr,https://korean.visitkorea.or.kr');
Insert into BAE.FESTIVAL_IMAGE (FESTIVALID,IMAGE_NAME,IMAGE_DATA) values (1302,'https://kfescdn.visitkorea.or.kr/kfes/upload/contents/db/400_38d1282f-fcc0-4dbc-afaf-c02648fe77af_4.png;https://kfescdn.visitkorea.or.kr/kfes/upload/contents/db/400_38d1282f-fcc0-4dbc-afaf-c02648fe77af_5.png;https://kfescdn.visitkorea.or.kr/kfes/upload/contents/db/400_38d1282f-fcc0-4dbc-afaf-c02648fe77af_6.png;https://kfescdn.visitkorea.or.kr/kfes/upload/contents/db/400_38d1282f-fcc0-4dbc-afaf-c02648fe77af_7.png;https://kfescdn.visitkorea.or.kr/kfes/upload/contents/db/400_38d1282f-fcc0-4dbc-afaf-c02648fe77af_8.png;https://kfescdn.visitkorea.or.kr/kfes/upload/contents/db/400_38d1282f-fcc0-4dbc-afaf-c02648fe77af_9.png;https://kfescdn.visitkorea.or.kr/kfes/upload/contents/db/400_38d1282f-fcc0-4dbc-afaf-c02648fe77af_10.png;https://kfescdn.visitkorea.or.kr/kfes/upload/contents/db/400_38d1282f-fcc0-4dbc-afaf-c02648fe77af_11.png;https://kfescdn.visitkorea.or.kr/kfes/upload/contents/db/400_38d1282f-fcc0-4dbc-afaf-c02648fe77af_12.png;https://kfescdn.visitkorea.or.kr/kfes/upload/contents/db/400_38d1282f-fcc0-4dbc-afaf-c02648fe77af_13.png;https://kfescdn.visitkorea.or.kr/kfes/upload/contents/db/400_38d1282f-fcc0-4dbc-afaf-c02648fe77af_14.png;https://kfescdn.visitkorea.or.kr/kfes/upload/contents/db/400_38d1282f-fcc0-4dbc-afaf-c02648fe77af_15.png;https://kfescdn.visitkorea.or.kr/kfes/upload/contents/db/400_38d1282f-fcc0-4dbc-afaf-c02648fe77af_16.png;https://kfescdn.visitkorea.or.kr/kfes/upload/contents/db/400_38d1282f-fcc0-4dbc-afaf-c02648fe77af_17.png;https://kfescdn.visitkorea.or.kr/kfes/upload/contents/db/400_38d1282f-fcc0-4dbc-afaf-c02648fe77af_18.png;https://kfescdn.visitkorea.or.kr/kfes/upload/contents/db/400_38d1282f-fcc0-4dbc-afaf-c02648fe77af_19.png;https://kfescdn.visitkorea.or.kr/kfes/upload/contents/db/400_38d1282f-fcc0-4dbc-afaf-c02648fe77af_20.png;https://kfescdn.visitkorea.or.kr/kfes/upload/contents/db/400_38d1282f-fcc0-4dbc-afaf-c02648fe77af_21.png;https://kfescdn.visitkorea.or.kr/kfes/upload/contents/db/400_38d1282f-fcc0-4dbc-afaf-c02648fe77af_22.png;https://kfescdn.visitkorea.or.kr/kfes/upload/contents/db/400_38d1282f-fcc0-4dbc-afaf-c02648fe77af_23.png','https://korean.visitkorea.or.kr,https://korean.visitkorea.or.kr,https://korean.visitkorea.or.kr,https://korean.visitkorea.or.kr,https://korean.visitkorea.or.kr,https://korean.visitkorea.or.kr,https://korean.visitkorea.or.kr,https://korean.visitkorea.or.kr,https://korean.visitkorea.or.kr,https://korean.visitkorea.or.kr,https://korean.visitkorea.or.kr,https://korean.visitkorea.or.kr,https://korean.visitkorea.or.kr,https://korean.visitkorea.or.kr,https://korean.visitkorea.or.kr,https://korean.visitkorea.or.kr,https://korean.visitkorea.or.kr,https://korean.visitkorea.or.kr,https://korean.visitkorea.or.kr,https://korean.visitkorea.or.kr');
Insert into BAE.FESTIVAL_IMAGE (FESTIVALID,IMAGE_NAME,IMAGE_DATA) values (1219,'a7a03674a8220c326772fb5564897fa1;null','C:\JSKim\Project\2_WebProject\codelapboard\routes\temp\a7a03674a8220c326772fb5564897fa1;null');
Insert into BAE.FESTIVAL_IMAGE (FESTIVALID,IMAGE_NAME,IMAGE_DATA) values (737,null,null);
Insert into BAE.FESTIVAL_IMAGE (FESTIVALID,IMAGE_NAME,IMAGE_DATA) values (818,'https://kfescdn.visitkorea.or.kr/kfes/upload/contents/db/400_09ee75a1-0eb6-4944-bdc4-0f08102096d6_4.jpg;https://kfescdn.visitkorea.or.kr/kfes/upload/contents/db/400_09ee75a1-0eb6-4944-bdc4-0f08102096d6_5.jpg;https://kfescdn.visitkorea.or.kr/kfes/upload/contents/db/400_09ee75a1-0eb6-4944-bdc4-0f08102096d6_6.jpg;https://kfescdn.visitkorea.or.kr/kfes/upload/contents/db/400_09ee75a1-0eb6-4944-bdc4-0f08102096d6_7.jpg','https://korean.visitkorea.or.kr,https://korean.visitkorea.or.kr,https://korean.visitkorea.or.kr,https://korean.visitkorea.or.kr');
Insert into BAE.FESTIVAL_IMAGE (FESTIVALID,IMAGE_NAME,IMAGE_DATA) values (575,'https://kfescdn.visitkorea.or.kr/kfes/upload/contents/db/400_32c38244-ca3a-4b7c-9e04-d6cf7a8a987c_4.jpg;https://kfescdn.visitkorea.or.kr/kfes/upload/contents/db/400_32c38244-ca3a-4b7c-9e04-d6cf7a8a987c_5.jpg;https://kfescdn.visitkorea.or.kr/kfes/upload/contents/db/400_32c38244-ca3a-4b7c-9e04-d6cf7a8a987c_6.jpg;https://kfescdn.visitkorea.or.kr/kfes/upload/contents/db/400_32c38244-ca3a-4b7c-9e04-d6cf7a8a987c_7.jpg;https://kfescdn.visitkorea.or.kr/kfes/upload/contents/db/400_32c38244-ca3a-4b7c-9e04-d6cf7a8a987c_8.jpg;https://kfescdn.visitkorea.or.kr/kfes/upload/contents/db/400_32c38244-ca3a-4b7c-9e04-d6cf7a8a987c_9.jpg;https://kfescdn.visitkorea.or.kr/kfes/upload/contents/db/400_32c38244-ca3a-4b7c-9e04-d6cf7a8a987c_10.jpg','https://korean.visitkorea.or.kr,https://korean.visitkorea.or.kr,https://korean.visitkorea.or.kr,https://korean.visitkorea.or.kr,https://korean.visitkorea.or.kr,https://korean.visitkorea.or.kr,https://korean.visitkorea.or.kr');
Insert into BAE.FESTIVAL_IMAGE (FESTIVALID,IMAGE_NAME,IMAGE_DATA) values (867,'https://kfescdn.visitkorea.or.kr/kfes/upload/contents/db/400_d6890694-d72b-4c54-b937-596dc1f7b243_4.JPG;https://kfescdn.visitkorea.or.kr/kfes/upload/contents/db/400_d6890694-d72b-4c54-b937-596dc1f7b243_5.JPG;https://kfescdn.visitkorea.or.kr/kfes/upload/contents/db/400_d6890694-d72b-4c54-b937-596dc1f7b243_6.JPG;https://kfescdn.visitkorea.or.kr/kfes/upload/contents/db/400_d6890694-d72b-4c54-b937-596dc1f7b243_7.JPG;https://kfescdn.visitkorea.or.kr/kfes/upload/contents/db/400_d6890694-d72b-4c54-b937-596dc1f7b243_8.JPG;https://kfescdn.visitkorea.or.kr/kfes/upload/contents/db/400_d6890694-d72b-4c54-b937-596dc1f7b243_9.JPG;https://kfescdn.visitkorea.or.kr/kfes/upload/contents/db/400_d6890694-d72b-4c54-b937-596dc1f7b243_10.JPG;https://kfescdn.visitkorea.or.kr/kfes/upload/contents/db/400_d6890694-d72b-4c54-b937-596dc1f7b243_11.jpg;https://kfescdn.visitkorea.or.kr/kfes/upload/contents/db/400_d6890694-d72b-4c54-b937-596dc1f7b243_12.JPG;https://kfescdn.visitkorea.or.kr/kfes/upload/contents/db/400_d6890694-d72b-4c54-b937-596dc1f7b243_13.jpg;https://kfescdn.visitkorea.or.kr/kfes/upload/contents/db/400_d6890694-d72b-4c54-b937-596dc1f7b243_14.jpg;https://kfescdn.visitkorea.or.kr/kfes/upload/contents/db/400_d6890694-d72b-4c54-b937-596dc1f7b243_15.jpg;https://kfescdn.visitkorea.or.kr/kfes/upload/contents/db/400_d6890694-d72b-4c54-b937-596dc1f7b243_16.jpg;https://kfescdn.visitkorea.or.kr/kfes/upload/contents/db/400_d6890694-d72b-4c54-b937-596dc1f7b243_17.JPG;https://kfescdn.visitkorea.or.kr/kfes/upload/contents/db/400_d6890694-d72b-4c54-b937-596dc1f7b243_18.jpg;https://kfescdn.visitkorea.or.kr/kfes/upload/contents/db/400_d6890694-d72b-4c54-b937-596dc1f7b243_19.JPG;https://kfescdn.visitkorea.or.kr/kfes/upload/contents/db/400_d6890694-d72b-4c54-b937-596dc1f7b243_20.jpg;https://kfescdn.visitkorea.or.kr/kfes/upload/contents/db/400_d6890694-d72b-4c54-b937-596dc1f7b243_21.JPG;https://kfescdn.visitkorea.or.kr/kfes/upload/contents/db/400_d6890694-d72b-4c54-b937-596dc1f7b243_22.JPG','https://korean.visitkorea.or.kr,https://korean.visitkorea.or.kr,https://korean.visitkorea.or.kr,https://korean.visitkorea.or.kr,https://korean.visitkorea.or.kr,https://korean.visitkorea.or.kr,https://korean.visitkorea.or.kr,https://korean.visitkorea.or.kr,https://korean.visitkorea.or.kr,https://korean.visitkorea.or.kr,https://korean.visitkorea.or.kr,https://korean.visitkorea.or.kr,https://korean.visitkorea.or.kr,https://korean.visitkorea.or.kr,https://korean.visitkorea.or.kr,https://korean.visitkorea.or.kr,https://korean.visitkorea.or.kr,https://korean.visitkorea.or.kr,https://korean.visitkorea.or.kr');
Insert into BAE.FESTIVAL_IMAGE (FESTIVALID,IMAGE_NAME,IMAGE_DATA) values (927,'https://kfescdn.visitkorea.or.kr/kfes/upload/contents/db/400_ac945acc-1ab3-4c14-8789-02a888245565_3.JPG;https://kfescdn.visitkorea.or.kr/kfes/upload/contents/db/400_ac945acc-1ab3-4c14-8789-02a888245565_4.jpg;https://kfescdn.visitkorea.or.kr/kfes/upload/contents/db/400_ac945acc-1ab3-4c14-8789-02a888245565_5.JPG;https://kfescdn.visitkorea.or.kr/kfes/upload/contents/db/400_ac945acc-1ab3-4c14-8789-02a888245565_6.JPG;https://kfescdn.visitkorea.or.kr/kfes/upload/contents/db/400_ac945acc-1ab3-4c14-8789-02a888245565_7.JPG;https://kfescdn.visitkorea.or.kr/kfes/upload/contents/db/400_ac945acc-1ab3-4c14-8789-02a888245565_8.JPG;https://kfescdn.visitkorea.or.kr/kfes/upload/contents/db/400_ac945acc-1ab3-4c14-8789-02a888245565_9.JPG','https://korean.visitkorea.or.kr,https://korean.visitkorea.or.kr,https://korean.visitkorea.or.kr,https://korean.visitkorea.or.kr,https://korean.visitkorea.or.kr,https://korean.visitkorea.or.kr,https://korean.visitkorea.or.kr');
Insert into BAE.FESTIVAL_IMAGE (FESTIVALID,IMAGE_NAME,IMAGE_DATA) values (982,'https://kfescdn.visitkorea.or.kr/kfes/upload/contents/db/400_62e365af-5d53-4626-84ea-2badcb0163eb_4.png;https://kfescdn.visitkorea.or.kr/kfes/upload/contents/db/400_62e365af-5d53-4626-84ea-2badcb0163eb_5.png;https://kfescdn.visitkorea.or.kr/kfes/upload/contents/db/400_62e365af-5d53-4626-84ea-2badcb0163eb_6.png;https://kfescdn.visitkorea.or.kr/kfes/upload/contents/db/400_62e365af-5d53-4626-84ea-2badcb0163eb_7.png','https://korean.visitkorea.or.kr,https://korean.visitkorea.or.kr,https://korean.visitkorea.or.kr,https://korean.visitkorea.or.kr');
Insert into BAE.FESTIVAL_IMAGE (FESTIVALID,IMAGE_NAME,IMAGE_DATA) values (1106,'https://kfescdn.visitkorea.or.kr/kfes/upload/contents/db/400_9baec2f1-84c7-4b70-aa3e-b8f6fe76b0c1_3.jpg;https://kfescdn.visitkorea.or.kr/kfes/upload/contents/db/400_9baec2f1-84c7-4b70-aa3e-b8f6fe76b0c1_4.jpg;https://kfescdn.visitkorea.or.kr/kfes/upload/contents/db/400_9baec2f1-84c7-4b70-aa3e-b8f6fe76b0c1_5.jpg;https://kfescdn.visitkorea.or.kr/kfes/upload/contents/db/400_9baec2f1-84c7-4b70-aa3e-b8f6fe76b0c1_6.jpg','https://korean.visitkorea.or.kr,https://korean.visitkorea.or.kr,https://korean.visitkorea.or.kr,https://korean.visitkorea.or.kr');
REM INSERTING into BAE.FESTIVAL_DESCRIP
SET DEFINE OFF;
Insert into BAE.FESTIVAL_DESCRIP (FESTIVALID,BLOG_DES,OTHER_DES) values (75,'청도,공연,코미디,페스티벌,아트,무대,세계,반시,공연장,행사,초청,야외,경북,체험,코아페,코믹,포토,국내,시간,가을,사진,사람,개막식,진행,축하공연,이번,출연,가수,거리,실내,트로트,대한민국,주차,개막,추억,특별,개그,트롯,개그맨,상설,부스,재생,뮤지컬,마임,기본,꼭두,타임,프로그램,관객,시작,서커스,동안',null);
Insert into BAE.FESTIVAL_DESCRIP (FESTIVALID,BLOG_DES,OTHER_DES) values (70,'금정구,관광,후기,응모,금정,인스타그램,사진,당첨,페이스북,여행,계정,금정산성,필수,이벤트,지금,문화,방문,구청,발표,여기,팔로우,해시태그',null);
Insert into BAE.FESTIVAL_DESCRIP (FESTIVALID,BLOG_DES,OTHER_DES) values (67,'재생,미디어아트,수원화성,사용,기본,안함,자동,수원,주차장,창룡문,공유,전체,배경,크기,음소거,실시간,설정,화면,해상도,자막,속도,글자,도움말,시간,주차,통닭,관람,미디어,아이,화성,진행,거리,좌석,예약,우리,사람,방법,열기구,바로,구경,정말,행사,아트,부동산,국가,교통,사진,연무대,시작,작품,공연,갈비,방문,무료,팔달구,공영,언니,홍문,체험,수원시,성곽,조명,후기',null);
Insert into BAE.FESTIVAL_DESCRIP (FESTIVALID,BLOG_DES,OTHER_DES) values (144,'정선,정선아리랑,공연,아리랑,무대,퍼레이드,거리,강원도,시장,재생,대회,진행,행사,아라리,사용,퍼포먼스,기본,아리,모습,안함,먹거리,시작,정선일,운동장,개막식,프로그램,명창,문화,전국,여행,공설,메인,체험,시간,군민,참여,횡성,센터,가수,정선군,오일장,관광객,경연,전통,실시간',null);
Insert into BAE.FESTIVAL_DESCRIP (FESTIVALID,BLOG_DES,OTHER_DES) values (171,'이사부,삼척,동해,행사,예술,문화,장군,회관,체험,공개방송,참여,공연,사자,개막식,역사,불꽃놀이,삼척시,축하공연,진행,독도,송가,프로그램,광장,출연,라디오,가수,우산국,우리,예정,다나,박혜신,해양,스탬프,울릉도,문희,강진,박상철,천명훈,출정,만들기,공모전,전시,신라,시작,이야기,단체,장소,강원도,모습,바로,개척,개최',null);
Insert into BAE.FESTIVAL_DESCRIP (FESTIVALID,BLOG_DES,OTHER_DES) values (206,'형제,예산,공원,볏짚,체험,행사,재생,대흥,아이,먹거리,거리,기본,프로그램,국화,이야기,사용,가을,여행,사과,대흥면,모습,스탬프,안함,시간,미로,진행,미션,시작,대흥동,충남,예산군,시골,미끄럼틀,우리,사진,이번,보고,공연,바로,위치,조형,농산물,이순,은행나무,기간,하나',null);
Insert into BAE.FESTIVAL_DESCRIP (FESTIVALID,BLOG_DES,OTHER_DES) values (211,'김포,평화,행사,걷기,김포시,코스,공원,덕포진,신청,공사,시간,마을,여름,참가,간식,뉴스,후기,저희,아이,추락,개방',null);
Insert into BAE.FESTIVAL_DESCRIP (FESTIVALID,BLOG_DES,OTHER_DES) values (284,'광양,숯불,구이,돌이,불고기,부스,행사,거리,전통,공연,주차,체험,한우,맛집,재생,광양시,게임,사람,한식당,놀이기구,먹거리,잡기,음식,광양읍,사용,안함,기본,코스모스,사진,시간,시작,포토,우정',null);
Insert into BAE.FESTIVAL_DESCRIP (FESTIVALID,BLOG_DES,OTHER_DES) values (431,'체험,공연,일원,문화,행사,대구,위원회,공원,부산,전시,추진,경상남도,전라도,프로그램,페스티벌,예술,대회,관광,광주,해운대,충청도,판매,문화재단,부산광역시,광장,재단,부대,운영,구청,강원도,국제,경상북도,문화제,무대,개막식,퍼레이드,테마,경연,개막,콘서트,불꽃,합천,시식,문화원,전통,바다,거제,시민,홍보,마을,주제,청도',null);
Insert into BAE.FESTIVAL_DESCRIP (FESTIVALID,BLOG_DES,OTHER_DES) values (434,'한복,종로,공연,체험,재생,문화,광화문,광장,사용,안함,기본,전통,패션쇼,행사,대회,시간,전시,만들기,참여,종로구,사진,한국,분수,우리,배경,부스,전체,프로그램,진행,공유,음소거,실시간,설정,화면,해상도,자막,속도,글자,크기,도움말,김덕수,사물놀이,마당,정말,생각,무대,강강술래,장군',null);
Insert into BAE.FESTIVAL_DESCRIP (FESTIVALID,BLOG_DES,OTHER_DES) values (439,'연극,공연,극장,무대,서울,대학로,배우,연극제,예술,오루,사람,우리,쿼드,연출,작품,교실,공연장,시작,무덤,이야기,관객,대극장,생각,기억,장면,선정,시간,연기,재생,박지영,아르코,자신,사용,추천,정말,등장,통해,공식,슈퍼맨,과거,출연,대사,보고,관람,기본,공간,마을,시절,자리,대한,드라마,센터,위해,아버지,처음,돼지,진행,안함',null);
Insert into BAE.FESTIVAL_DESCRIP (FESTIVALID,BLOG_DES,OTHER_DES) values (441,'대학로,공연,웰컴,연극,배우,행사,관람,거리,작품,무대,정보,사진,진짜,공원,시간,진행,프린지,마로니에,시작,호선,혜화,할인,페스티벌,재생,입자,생존자,퍼포먼스,기본,사람,추천,소개,촬영,사용,주변,이번,기간,참여,뮤지컬,아래,바로,선정,때문,극장,토요일,홍보,포스팅,맛집,이야기,이상,처음,안함,보고,티켓,조금,생각,좀비,소녀',null);
Insert into BAE.FESTIVAL_DESCRIP (FESTIVALID,BLOG_DES,OTHER_DES) values (444,'산삼,함양,상림,공원,행사,재생,기본,주차장,체험,사용,장소,안함,시간,운영,자동,공연,산양,일시,먹거리,무대,가수,판매,거리,라인업,내용,경매,배경,공유,음소거,실시간,설정,전체,화면,해상도,자막,속도,글자,크기,도움말,함양군,연꽃,준비,사진,무료,제관,주차',null);
Insert into BAE.FESTIVAL_DESCRIP (FESTIVALID,BLOG_DES,OTHER_DES) values (273,'삼강,주막,체험,예천,나루터,막걸리,사람,재생,사용,캠핑장,추석,공연,회룡포,기본,아이,경북,마을,안함,만들기,사진,강문,문화,한복,비룡,행사,보부상,시간,전시관,여행,나들이,방문,거리,단지,프로그램,연휴,엽전,무료,낙동강,배경,놀이터,음식,모습,마지막,생각,무대,시작,전망대,주차장,낭만,예천군,전체,글자,진짜,공유,음소거,실시간,설정,화면,해상도,자막,속도,크기,도움말,진행,자리,우리,정도,추천,강나루,공간,트럭,가을,기간',null);
Insert into BAE.FESTIVAL_DESCRIP (FESTIVALID,BLOG_DES,OTHER_DES) values (276,'연어,양양,송이,체험,아이,재생,부스,우리,시간,사용,행사,여행,사진,바로,구경,판매,잡기,시장,남대천,주차장,안함,거리,먹거리,기본,방문,하나,양송이,자동,전통,맨손,가을,엄마,사람,구입,진짜,후기,이번,주차,무대,생각,조금,부동산,국가,정말,숙소,무료,그림,오늘,저녁,진행,공유,속도,크기,배경,양양시,정도,공간,여기,만들기,모습',null);
Insert into BAE.FESTIVAL_DESCRIP (FESTIVALID,BLOG_DES,OTHER_DES) values (278,'계곡,영화제,콘서트,능강,영화,제천,참석,가장,휴가,캠핑,청풍,랜드,시간,권진아,공연,매력,여름,태풍,장소,시내,바람,관람,프로그램,텐트,샘김,제대로,역시,소리,음악,개막식,기간,보고,썸머,나잇,리솜,포레스트,상영,개봉,경험,기대,웨이브,어스,밴드,사운드,가수,노래,명당,사람',null);
Insert into BAE.FESTIVAL_DESCRIP (FESTIVALID,BLOG_DES,OTHER_DES) values (508,'거창,마당,행사,체험,아이,군민,거창군,정말,감악산,거리,스포츠,파크,요리,박연경,시작,가을,경남,판매,공연,부스,진행,여행,대회,야시장,출처,베리,시골,밥상,심사,사람,이용,평생,학습,푸드,사과,경연,건강,연구',null);
Insert into BAE.FESTIVAL_DESCRIP (FESTIVALID,BLOG_DES,OTHER_DES) values (517,'체험,문화,공연,일원,행사,대구,위원회,공원,부산,방문,전시,산청,추진,경상남도,전라도,페스티벌,프로그램,관광,초청,대회,산청군,예술,광주,지리산,한방약,해운대,판매,충청도,문화재단,군민,부산광역시,군수,재단,국제,광장,운영,구청,부대,개막식,문화제,강원도,경상북도,무대,교류,성현,역사,합천,퍼레이드,테마,경연,개막,전통,콘서트,불꽃,축하,산음현,자매,시민,문화원,사용,우주시,시식,행정구역,영암군,바다,거제,마을,홍보,주제,단체,거리,청도',null);
Insert into BAE.FESTIVAL_DESCRIP (FESTIVALID,BLOG_DES,OTHER_DES) values (523,'통영,대첩,한산,공연,행사,이순신,문화,생각,체험,일정,뮤지컬,마당,구안,시간,프로그램,재현,장군,진행,거리,통제영,광장,거북선,기간,통영시,불꽃놀이,사람,여행,무대,시장,드론,불꽃,기억,지금,모습,준비,국가,역사,코스,축하,사진,마을,승전,필사,즉생,영화,주차장,일간,공원,아래,퍼레이드,장소,사용,푸드,정보,해전,경남',null);
Insert into BAE.FESTIVAL_DESCRIP (FESTIVALID,BLOG_DES,OTHER_DES) values (519,'공연,문화,체험,일원,행사,위원회,대구,전시,공원,예술,부산,추진,경상남도,문화재단,전라도,김해,프로그램,페스티벌,대회,관광,광주,무료,해운대,충청도,회관,판매,콘서트,관람,경남,광장,재단,무대,운영,창원,거제,부산광역시,인원,아트,부대,문화제,한국,뮤지컬,공연장,입장료,국제,정기,센터,구청,음악회,야외,강원도,경상북도,개막식,경연,참석,시민,테마,전통,퍼레이드,버스킹,협회,개막,예상,성산아트홀,합천,불꽃,상인,시식,마당,미술관,주제,극장,문화원,작품,바다,오케스트라,홍보,거리,연주회,산청,마을',null);
Insert into BAE.FESTIVAL_DESCRIP (FESTIVALID,BLOG_DES,OTHER_DES) values (520,'체험,공연,일원,문화,행사,대구,위원회,공원,부산,전시,추진,경상남도,예술,전라도,페스티벌,프로그램,대회,유화,광주,관광,해운대,충청도,판매,미술,문화재단,미술관,한국,부산광역시,광장,재단,부대,국제,운영,구청,강원도,경상북도,문화제,무대,개막식,테마,경연,퍼레이드,개막,콘서트,불꽃,합천,김흥수,세계,시식,문화원,출품,바다,현대,전통,거제,시민,산청,주제,국립,대전,홍보,마을,청도,전당,국전,혼합,재료,거리,파크,축하공연,야외,미정,음악회,울산,버스킹,가요제,조직,장터,춘천,팔공산,예산,아트,마당,심사',null);
Insert into BAE.FESTIVAL_DESCRIP (FESTIVALID,BLOG_DES,OTHER_DES) values (532,'인삼,금산,체험,세계,홍삼,행사,주차장,푸드,사람,재생,백종원,주차,튀김,사용,부스,코너,구매,거리,게임,공연,기본,엄마,여행,자동,안함,사진,시간,구경,생각,한복,우리,전체,국수,두더지,여기,입구,부모님,먹거리,국밥,상품권,하나,시장,기간,시작,로봇,방문,제품,무료,가격,마련,조금,어르신,족욕,배경,장소,광장,엑스포',null);
Insert into BAE.FESTIVAL_DESCRIP (FESTIVALID,BLOG_DES,OTHER_DES) values (554,'체험,공연,문화,일원,행사,전시,대구,위원회,춘천,공원,부산,예술,작품,추진,작가,경상남도,아트,전라도,페스티벌,프로그램,제로,대회,페어,관광,참여,판매,광주,강원도,해운대,문화재단,충청도,전시장,운영,섬씽,영화,부산광역시,주제,시민,광장,개막식,재단,부대,강원,개막,국제,구청,상영,경상북도,문화제,무대,에코,퍼레이드,콘서트,환경,부스,테마,경연,관람,불꽃,합천,회관,거리,가치,바다,마당,야외,시식,문화원,이번,사랑,개최,마을,영화제,전통,거제,전시회,장소,활동',null);
Insert into BAE.FESTIVAL_DESCRIP (FESTIVALID,BLOG_DES,OTHER_DES) values (556,'공연,춘천,연극제,아이,작품,극장,봄내,연극,거리,진행',null);
Insert into BAE.FESTIVAL_DESCRIP (FESTIVALID,BLOG_DES,OTHER_DES) values (805,'연꽃,백련,무안,회산,재생,수련,사용,카페,기본,기간,여름,안함,방문,식물,자동,연잎,온실,전남,시간,모습,사진,시작,수상,아이,가장,전체,행사,다리,전망대,최대,무료,연못,구경,실시간,주차,중간,주차장,데크,조형,저수지,유리,가시,공유,크기,무안군,사람,지금,갯벌,보고,오늘,공연,음소거,설정,화면,해상도,자막,속도,글자,배경,도움말,정말,식물원,체험,동양,개구리,이후,꿀팁',null);
Insert into BAE.FESTIVAL_DESCRIP (FESTIVALID,BLOG_DES,OTHER_DES) values (734,'불꽃,부산,광안,시간,사진,기본,명당,광안대교,여행,재생,해운대,시작,행사,자리,사용,해변,진행,거리,관람,정보,광안리해수욕장,이번,사람,정도,해수욕장,숙소,안함,장소,좌석,호텔,구경,여기,서울,동백섬,생각,올해,예매,공원,이기대,바로,티켓,요트,다른,마음,달맞이,배경,유료,유치,의자,예정,가을,전체,우리,예약,만원,감성,정상',null);
Insert into BAE.FESTIVAL_DESCRIP (FESTIVALID,BLOG_DES,OTHER_DES) values (736,'북극곰,해운대,행사,재생,바다,입수,수영,사용,안함,기본,부산,사람,안전,시간,겨울,취소,시작,동행,준비,자동,글자,파도,올해,참가,배경,참가자,공유,음소거,실시간,설정,전체,화면,해상도,자막,속도,크기,도움말,공연,생각,대회,요원,날씨,위해,모습,작년,포토,당일,이색,언니,우리,동호회',null);
Insert into BAE.FESTIVAL_DESCRIP (FESTIVALID,BLOG_DES,OTHER_DES) values (814,'맞이,행사,새해,고산,떡국,대구,초등학교,등산로,정상,동산,사람,수성구,일출,시작,등산,생각,올해,진행,거리,방문,시간,입구,소원,후문,전망',null);
Insert into BAE.FESTIVAL_DESCRIP (FESTIVALID,BLOG_DES,OTHER_DES) values (816,'고등어,부산,체험,송도,대회,프로그램,행사,공연,진행,송도해수욕장,카약,바다,구이,정보,경매,참여,타고,서구,사전,접수,가수,시간,통해,운영,장소,고등,어회,현장,거리,기본,먹거리,맨손,잡기,찾기,일정,해수욕장,내용,요리,직접,부스,아이,경연,남항대교,무대,재생,종이배,걷기,클래스,이용,어시장,토요일,사람,일요일,대표,문화,기간,자리,장터,경주,준비,마당',null);
Insert into BAE.FESTIVAL_DESCRIP (FESTIVALID,BLOG_DES,OTHER_DES) values (818,'가을,황룡강,장성,재생,사용,안함,코스모스,아이,기본,구경,사진,다리,주차장,자동,포토,시간,배경,해바라기,지금,사람,공유,음소거,실시간,설정,전체,화면,해상도,자막,속도,글자,크기,도움말,여기,옐로우,모습,주차,정말,저희,바로,꽃들이,박스,건너,국화,꽃밭,기간,이번,정도,강변,핑크,커피,하나,우리,먼저,시작,불꽃놀이',null);
Insert into BAE.FESTIVAL_DESCRIP (FESTIVALID,BLOG_DES,OTHER_DES) values (745,'공연,콘서트,롯데,영화음악,콘서트홀,영화,오케스트라,구역,지브리,시조,좌석,연주,예매,티켓,바로,시간,음악,시작,프로그램,사진,느낌,진행,보고,이번,거리,무대,월드,정도,사람,지휘자,재생,자리,엘리베이터,처음,정말,소리,앵콜,피아노,친구,전용,리베,클래식,시야,란테,위치,다시,지휘,연주자,모습,영상,사용,안함,기본,생각,관람,타고,에스컬레이터',null);
Insert into BAE.FESTIVAL_DESCRIP (FESTIVALID,BLOG_DES,OTHER_DES) values (747,'문화,체험,문화재단,공연,아트,회관,예술,프로그램,세종,접수,도서관,이상,교육,클래식,신청,전시,관람,서울,일원,사전예약,음악,무료,영화,행사,대구,콘서트,공원,위원회,종로구,누구,미술관,우리,시립,필수,시민,센터,부산,이야기,누리집,극장,기타,초등학생,뮤지컬,시간,추진,페스티벌,경상남도,박물관,전라도,가능,서초,남한,산성,공연장,성인,재즈,관광,아동,대극장,광주,통해,입장,대회,만들기,문화원,마을,진행,구청,판매,미술,무대,오페라,중구,전통,국악',null);
Insert into BAE.FESTIVAL_DESCRIP (FESTIVALID,BLOG_DES,OTHER_DES) values (748,'공원,마을,단풍,문화,가을,도서관,대회,체험,공연,전시회,코스모스,여행,행사,음악회,박물관,페스티벌,생태,시장,자전거,카페,마당,콘서트,걷기,야경,거리,예술,시민,센터,둘레길,캠핑장,국화,은행나무,전통,전국,정기,저수지,대구,시립,장터,청소년,벽화,연주회,미술관,프로그램,아트,억새,파크,갤러리,서울,체육,테마,코스,수원,독서,노을,드라이브,산책,역사,계곡,전망대,정원,국제,나눔,체육대회,투어,추석,마켓,주간,한마음,강릉,중앙,산책로,사랑,생활,관광,자연,단지,호수,향교',null);
Insert into BAE.FESTIVAL_DESCRIP (FESTIVALID,BLOG_DES,OTHER_DES) values (509,'거창,문화,크리스마스트리,트리,크리스마스,공연,행사,사진,군청,점등,진행,대회,경남,공모전,홈페이지,시간,로터리,목사,거창군,기간',null);
Insert into BAE.FESTIVAL_DESCRIP (FESTIVALID,BLOG_DES,OTHER_DES) values (27,'영도다리,영도,부산,공원,아미르,재생,기본,행사,무대,영도대교,사용,사람,안함,공연,장소,시간,체험,자동,진행,불꽃,가수,다리,주차,해양,낚시,정보,전체,실시간,글자,배경,마켓,부스,바로,보고,기간,공유,음소거,설정,화면,해상도,자막,속도,크기,도움말,셔틀버스,시작,개막식,해상,이용,모습,불꽃놀이,홍경민,사진,다시,메인,플리,먹거리,프로그램,마지막,구경,이번,도개,운영,국립,박물관',null);
Insert into BAE.FESTIVAL_DESCRIP (FESTIVALID,BLOG_DES,OTHER_DES) values (285,'광양,페스티벌,무대,유튜브,출처,공연,가수,행사,티켓,재생,우리,콘서트,케이팝,진행,배부,마이걸,관광,광양시,드론,사용,글로벌,시민,기본,마지막,모습,라인업,안함,무료,이찬원,펜타곤,현장,입장권,트롯,후시,아스트로,통해,셔틀버스,시작,사람,포스코,오후,위해,관광객,댄스,예매,개최,운동장,입장,정말,시간,실시간',null);
Insert into BAE.FESTIVAL_DESCRIP (FESTIVALID,BLOG_DES,OTHER_DES) values (575,'우륵,충주,문화제,공원,탄금,먹거리,부스,푸드,아이,체험,공연,무대,트럭,사용,진행,행사,돼지,용기,메인,판매,방문,거리,가야금,무술,사과,야시장,주차장,음식,기본,세계,바비큐,사람,가격,츄러스,재생,생각,진짜,튀김,오늘,하나,바베큐,시간,놀이터,주차,사진,모습',null);
Insert into BAE.FESTIVAL_DESCRIP (FESTIVALID,BLOG_DES,OTHER_DES) values (862,'의령,리치,체험,부자,페스티벌,바위,시간,경남,재생,사람,아이,사용,의령군,행사,공연,키자니아,안함,기본,여행,직업,생가,가을,공원,회장,마당,기운,자동,모습,부스,구경,이병철,거리,무대,생활,사진,시작,전체,정동원,특산,화면,속도,배경,가수,방문,호암,우리,포토,공유,음소거,실시간,설정,해상도,자막,글자,크기,도움말,소원,놀이터,사랑,오후,장소,활동,만들기,콘서트,여기,먹거리,가지,진짜,생각',null);
Insert into BAE.FESTIVAL_DESCRIP (FESTIVALID,BLOG_DES,OTHER_DES) values (864,'문화재단,문화,체험,세종,이상,회관,교육,서울,아트,클래식,예술,공연,종로구,누구,콘서트,도서관,관람,프로그램,기타,초등학생,일원,시민,시립,행사,전시,공원,대구,서초,위원회,가능,부산,센터,성인,미술관,영화,입장,페스티벌,체임버홀,년생,마포,극장,독주,중구,음악,문화원,서초구,추진,뮤지컬,서울시,노원,구청,경상남도,국악,마을,책보,전라도,시리즈,콘서트홀,교향악단,생활,광장,은평,영등포,오페라,미술,기념,구로,국제,아동,동대문구,무대,대회,종로,강남구,마포구,강동,해운대,관광,학교,성동구,동대문,무용',null);
Insert into BAE.FESTIVAL_DESCRIP (FESTIVALID,BLOG_DES,OTHER_DES) values (876,'광릉숲,숲길,봉선사,광릉,시간,개방,걷기,마켓,행사,데크,포토,입구,주차,재생,사람,플리,공연,구간,사진,먹거리,의자,도착,주차장,사용,남양주,다시,진행,중간,거리,안함,노래,코스,산림,체험,김연자,도로,길이,정도,무대,기본,우리,참여,화장실,부스',null);
Insert into BAE.FESTIVAL_DESCRIP (FESTIVALID,BLOG_DES,OTHER_DES) values (900,'재생,사용,안함,기본,정약용,수상자,인문학,콘서트,문화제,전체,시상식,봉사활동,공유,음소거,실시간,설정,화면,해상도,자막,속도,글자,크기,배경,도움말,종일,하루,중등,등부,대상,오늘,시간,행사,수여,발표,어머니,세번,말씀,삼계탕,매형,여행,면서,친구,점심,생각,부스,석고,국외,연수,참가,만원,상금',null);
Insert into BAE.FESTIVAL_DESCRIP (FESTIVALID,BLOG_DES,OTHER_DES) values (922,'팔공산,왕건,재생,동화,지묘동,대구,행사,사용,공연,기본,안함,신숭겸,가수,우리,렌트,태권도,벚꽃,사람,송이,장군,공유,음소거,실시간,설정,전체,화면,해상도,자막,속도,글자,크기,배경,도움말,시작,올해,인기상,시산',null);
Insert into BAE.FESTIVAL_DESCRIP (FESTIVALID,BLOG_DES,OTHER_DES) values (923,'대구,문화,공연,체험,일원,행사,위원회,페스티벌,공원,부산,예술,팔공산,전시,추진,경상남도,전라도,프로그램,대회,관광,국제,벚꽃,판매,광주,해운대,충청도,문화재단,광장,중구,문화제,측백,동구,부대,부산광역시,축하공연,무대,운영,시민,경연,마을,나무,재단,거리,수성,구청,강원도,경상북도,북구,측백나무,개막식,참여,시식,콘서트,퍼레이드,테마,개막,지구,가수,버스킹,아트,달서구,도동,미정,홍보,주민,불꽃,합천,동화,개최,뮤지컬,야외,전통,문화원,힐링,사진,오페라,서구,센터,생활',null);
Insert into BAE.FESTIVAL_DESCRIP (FESTIVALID,BLOG_DES,OTHER_DES) values (924,'팔공산,단풍,케이블카,대구,재생,가을,주차장,시간,사용,안함,기본,자동,정상,사진,주차,속도,행사,거리,이용,포토,생각,전망대,전체,산책로,운행,명소,크기,등산,공유,음소거,실시간,설정,화면,해상도,자막,글자,배경,도움말,일정,공연,주말,사랑,정도,참고,여행,풍경,타고,부동산,국가,사람,구경,왕복,주변,포인트,시기,자리,모습,식당,시즌,갓바위,블로그,예상,마루',null);
Insert into BAE.FESTIVAL_DESCRIP (FESTIVALID,BLOG_DES,OTHER_DES) values (927,'호수,예술,불꽃,드론,공연,고양,공원,재생,사용,안함,기본,광장,자동,불꽃놀이,무대,일산,산호수,글자,설정,사람,공유,음소거,실시간,전체,화면,해상도,자막,속도,크기,배경,도움말,시간,서커스,폐막식,시작,촬영,자리,가을,정말,고양시,동안,문화,공중,퍼포먼스,거리,관람,잔디',null);
Insert into BAE.FESTIVAL_DESCRIP (FESTIVALID,BLOG_DES,OTHER_DES) values (702,'체험,다문화,부스,행사,공연,문화,직접,세계,아이,전통,출처,촬영,여러,사람,나라,외국인,용인시,기념,진행,악기,센터,프로그램,용인,중국,한국,시작,무대,다른,태권도,시범,위해,시민,거리,참여,선물,생각,의상,기회,접수,광장,대구,기자',null);
Insert into BAE.FESTIVAL_DESCRIP (FESTIVALID,BLOG_DES,OTHER_DES) values (703,'페스티벌,토마스,결혼,체험,우리,공원,행사,기관차,친구,달서구,부스,동구,클럽,월광,문화,진행,참여,사진,주민,아이,여행',null);
Insert into BAE.FESTIVAL_DESCRIP (FESTIVALID,BLOG_DES,OTHER_DES) values (705,'희망,행사,공연,아트,센터,체험,박지현,사람,부스,요미,무대,달서구,가수,개막식,버스킹,메인,페스,홍진영,오늘,대구,콘서트',null);
Insert into BAE.FESTIVAL_DESCRIP (FESTIVALID,BLOG_DES,OTHER_DES) values (711,'한글,다문화,백일장,산문,심사,생각,외국인,우리,한국,작품,행사,귀츨라프,사랑,우수상,사회,언어,달서구,표현,수필,응모,청소년,노력,충남,특별상,위원,시화,센터,문화,대한,보령,이름,참가,대회,쓰기,주민,모습,세계,마음,여러분',null);
Insert into BAE.FESTIVAL_DESCRIP (FESTIVALID,BLOG_DES,OTHER_DES) values (712,'공연,문화,대구,체험,일원,부산,전시,행사,위원회,예술,오후,공원,문화재단,콘서트,아트,추진,페스티벌,프로그램,회관,입장료,경상남도,무대,전라도,문의,센터,합창단,정기,관람,연주회,대회,국제,관광,무료,음악,해운대,오페라,광주,이번,시간,운영,충청도,판매,국악,기획,장소,제주,작품,뮤지컬,전시관,시립,만원,부산광역시,사업,하우스,광장,부대,수성,일자,재단,자치구,주제,구청,시민,오케스트라,음악회,피아노,개막식,강원도,경상북도,문화제,기념,극장,공연장',null);
Insert into BAE.FESTIVAL_DESCRIP (FESTIVALID,BLOG_DES,OTHER_DES) values (74,'청도,반시,재생,기본,사용,안함,자동,진해성,공연,가수,축하공연,시간,실시간,체험,크기,행사,공유,음소거,설정,전체,화면,해상도,자막,속도,글자,배경,도움말,공연장,코아페,첫날,사람,진행,사진,동영상,정보,야외,아이,주차,부스,바로,경북,먹거리,식초,족욕,거리,판매,제품,정도,주차장,정말',null);
Insert into BAE.FESTIVAL_DESCRIP (FESTIVALID,BLOG_DES,OTHER_DES) values (23,'시장,사업,행사,증가,매출,이벤트,동사,문화,공연,체험,감소,크리스마스,영업,경기도,고객,진행,관련,운영,판매,바이오,개발,기준,대비,홍보,손실,코로나,서비스,동기,기술,제품,이익,서울,경품,소식,업체,상승,부문,수익,백신,내용,억대,국내,월일,마켓,광장,장소,중앙시장,상가,순이익,부각,치료,만원,버스킹,증정,영위,면역,전통,산업,보령,휴맥스,설립,구분,선물,중앙,상인,산타,기간,연결,기업,관광,일시,방문,제작,회사,시스템,명칭,참여,프로그램,물품,상장,생산,공원',null);
Insert into BAE.FESTIVAL_DESCRIP (FESTIVALID,BLOG_DES,OTHER_DES) values (66,'공연,수원화성,수원,정조,문화제,드론,체험,프로그램,진행,시민,재생,화성,행궁,행사,장소,광장,참여,기본,시작,시간,정조대왕,거리,사용,안함,혜경궁,화성행궁,입장,홍씨,올해,행차,무대,맞이,재현,일정,가교,관람,자리,생각,정말,기간,능행,배경,개막식,자동',null);
Insert into BAE.FESTIVAL_DESCRIP (FESTIVALID,BLOG_DES,OTHER_DES) values (68,'수원,음식,행사,문화,체험,박물관,박람회,시간,화성,만들기,거리,경연,수원화성,국제,진행,판매,자매도시,홍보,식품,대회,호출,식당,사람,요리,정말,주차장,여기,공연,시식,이벤트,운영,케이크,사용,주차,신청,경기도,시스템,대한,여행,참여,전시',null);
Insert into BAE.FESTIVAL_DESCRIP (FESTIVALID,BLOG_DES,OTHER_DES) values (72,'간절곶,행사,맞이,울산,주차장,재생,새해,기본,셔틀버스,사용,안함,주차,자동,일출,송년,진해성,상도,진행,시간,양지원,장소,공원,탑승,운영,드론,설정,콘서트,공유,실시간,배경,가장,음소거,전체,화면,해상도,자막,속도,글자,크기,도움말,임시,준비,운행,올해,무대,시작,떡국,나눔,버스,울주군,공연,불꽃,모습,안내,전시,통제,오전,방문,출처,프로그램,이용,사람,해돋이,홈페이지,예정,야간,공간,무료,참고,부산,출발,광장,명소,정보,문화재단,경관,마지막,먼저,축하공연,조명,귀가',null);
Insert into BAE.FESTIVAL_DESCRIP (FESTIVALID,BLOG_DES,OTHER_DES) values (165,'체험,홍성,마을,농업,유기농업,유기농,홍성군,문화,환경,전국,나눔,남당항,가을걷이,로컬,관광,청년,친환경,선정,해양,농촌,마당,특구,창업,행사,국화,국화축제,시작,프로그램,최초,매력,홍동면,오리,사람,참여,내륙,산업,이용,가을,진행,무료,중심,먹거리,공연,거리,사용,아이,전통,해랑,사업,산림,최종,집단지성,만들기,대상,위해,장터,직접,여기,신청,코스,운영,제로,이스트,시식',null);
Insert into BAE.FESTIVAL_DESCRIP (FESTIVALID,BLOG_DES,OTHER_DES) values (205,'예산,국화,삼국,장터,국밥,국수,거리,시장,백종원,먹거리,체험,주차장,행사,무대,공연,당호,재생,기간,명주,부스,전시,충남,주차,방문,사과,대회,이번,사용,기본,여행,예산군,판매,바로,시간,신라,시네마,정말,대한민국,안함,조형,이용,위해,일원,다리,전망대,볼거리,장소,추천,진행,대상,보고,작품,대표,가을,시작,고향,만들기,전통주,사진',null);
Insert into BAE.FESTIVAL_DESCRIP (FESTIVALID,BLOG_DES,OTHER_DES) values (208,'사과,예산,황토,공연,행사,예산역,체험,판매,여행,충남,가을,부스,프로그램,애플,사진,특산,전시,예산군,시장,국화,농가,거리,개막식,주차장,바로,시작,능금,구입,이벤트,대회,산사,구경,사과나무,장날,코스,재생,정말,먹거리,참여,문화,과수,품종,사용,품평,준비,당호,국밥,시간',null);
Insert into BAE.FESTIVAL_DESCRIP (FESTIVALID,BLOG_DES,OTHER_DES) values (283,'전어,광양,망덕,체험,오후,포구,정동원,저녁,가수,어구,사람,공연,아이,주차,잡기,초대,어회,행사,일정,바로,오늘,거리,주차장,광양시,돌이,그냥,무대,시간,전남,맥주,가요제,윤동주,시작,목포,수국,중간,에어,정원,여름,페스티벌',null);
Insert into BAE.FESTIVAL_DESCRIP (FESTIVALID,BLOG_DES,OTHER_DES) values (433,'개천절,제전,단군,음력,서울,종로구,단군기원,개국,고조선,성전,행사,이사장,현정회,사직단',null);
Insert into BAE.FESTIVAL_DESCRIP (FESTIVALID,BLOG_DES,OTHER_DES) values (438,'공연,극장,아시테지,국제,예술,여름,아이,대학로,시간,아르코,티켓,청소년,이상,한국,무대,문화,관객,연극,정보,개월,기간,협회,관람,연령,뮤지컬,대극장,추천,장소,소개,문의,배우,할인,종로,권장,장애,마음,아동,이야기,예매,전화,클럽,모두,국가,학전,토요일',null);
Insert into BAE.FESTIVAL_DESCRIP (FESTIVALID,BLOG_DES,OTHER_DES) values (440,'공연,겨울,아시테지,아이,청소년,극장,서울,프로그램,대학로,예술,종로,체험,문화,모두,소개,국제,시간,참여,추천,국내,관람,이번,전시,쿼드,기간,관객,작품,협회,홈페이지,통해,이야기,진행,썰매,사슴,출처,이상,장소,장애인,운영,재판,거위,준비',null);
Insert into BAE.FESTIVAL_DESCRIP (FESTIVALID,BLOG_DES,OTHER_DES) values (443,'함양,연암,물레방아,문화제,행사,박지원,대회,안의면,함양군,선생,마을,개최,안전,오후,공원,사진,전시,실학,부임,향교,참여,기록,오리,행차,역사,용추계곡',null);
Insert into BAE.FESTIVAL_DESCRIP (FESTIVALID,BLOG_DES,OTHER_DES) values (272,null,null);
Insert into BAE.FESTIVAL_DESCRIP (FESTIVALID,BLOG_DES,OTHER_DES) values (274,'인천,야행,개항,문화유산,체험,시간,거리,진행,참여,사진,투어,문화,차이나타운,프로그램,주차장,사용,광주,먹거리,아이,작년,방문,중구청,미션,사람,쿠폰,이번,스탬프,도보,단청,수원,마켓,호텔,올해,출처,운영,전시관,익산,요원,플리,시작,에코,무료,역사,안내,재생,경험,기자,문화재,생각,도장,카페,관람,주차,모습,야간,대불,부스,구경,느낌,행사,뱃지,코스,계단,이야기,바로,읍성,여기,기본,행궁,행궁동',null);
Insert into BAE.FESTIVAL_DESCRIP (FESTIVALID,BLOG_DES,OTHER_DES) values (277,'영화,영화제,음악,제천,콘서트,공연,국제,노래,재생,사람,무대,기본,사용,시간,시작,밴드,영수증,안함,이삭,배우,가장,연주,보고,이야기,모습,생각,이번,저스틴,상영,관람,마음,때문,장면,티켓,자동,거리,중간,작품,정보,계곡,다시,감독,자막,처음,대해,일행,랜드,음악감독,크기,공유,화면,배경,시내',null);
Insert into BAE.FESTIVAL_DESCRIP (FESTIVALID,BLOG_DES,OTHER_DES) values (279,'사하,예술제,다대,공연,문화,행사',null);
Insert into BAE.FESTIVAL_DESCRIP (FESTIVALID,BLOG_DES,OTHER_DES) values (510,'진천,문화,체험,음식,아이,공연,부스,판매,특산,생거,먹거리,행사,진행,대회,우리,진천군,사용,재생,전시,야시장,거리,시식,무대,만들기,안전,기본,건강,대표,메기,향토음식,생각,참여,시간,자동,안함,가격,농산물,준비,우수,평생,학습,장터,마당,돼지,오늘',null);
Insert into BAE.FESTIVAL_DESCRIP (FESTIVALID,BLOG_DES,OTHER_DES) values (518,'문화,일원,비대,취소,경남,예술,공원,생태,대면,자연,특산,체험,미정,행사,공연,전남,페스티벌,경북,주민,대구,위원회,화합,통역사,기타,관광,부산,문화제,제주,마을,광장,전시,대회,추진,경상남도,예정,거리,창원시,출처,전라도,사천시,국제,프로그램,남해,광주,거제,고성군,전통,김해,연기,체육,마당,김해시,황매산,해운대,최대,거창,박람회,생활,충청도,판매,테마,수산물,농업,학습,단계,문화재단,거제시,파크,세계,불꽃,접종,의령,사과,밀양시,재단,시민,일대,가을,평생,완료,운영,부산광역시,시청',null);
Insert into BAE.FESTIVAL_DESCRIP (FESTIVALID,BLOG_DES,OTHER_DES) values (521,'문화,오후,체험,공연,오전,일원,전시,행사,산청,김해,대구,창원,위원회,공원,예술,부산,방문,아트,센터,대회,경상남도,페스티벌,경남,추진,성산아트홀,산청군,공연장,마산,프로그램,정기,전라도,관광,회관,진해,초청,문화센터,진주,국제,한방약,극장,지리산,판매,광주,광장,연주회,콘서트,해운대,문화재단,충청도,의전,군민,전통,무대,시민,역사,군수,테마,경연,대극장,부산광역시,협회,마당,개막식,엑스포,운영,야외,문화제,교류,한국,재단,음악회,동의보감,부대,구청,예술제,미술관,미술',null);
Insert into BAE.FESTIVAL_DESCRIP (FESTIVALID,BLOG_DES,OTHER_DES) values (533,'금산,인삼,삼계탕,체험,여름,약초,행사,시간,진행,요리,생각,정말,아이,만들기,저녁,거리,영산,다리,튀김,공연,광장,판매,오전,정보,기본,물놀이,코너,우리,대표,장소,문화,건강,전국,여기,사진,삼계,음식,하나,준비,공간,시장,사용,보양식,저희,세계,금산군',null);
Insert into BAE.FESTIVAL_DESCRIP (FESTIVALID,BLOG_DES,OTHER_DES) values (524,'아트,페스티벌,서구,대전,힐링,체험,무대,공원,공연,마켓,부스,작품,작가,아이,무료,사진,보라매,우리,사람,돗자리,머리,재생,메인,행사,참여,사용,예술,청년,프로그램,문화,기본,정말,시작,에픽하이,안함,밤톨이,서구청,바로,시간,다음,자동,기간,진행,친구,아주,신청,공모,전서구,구경,밤톨,운영,먹거리,트럭,개막식,자리,작년,배경,설정,전시,가수,일정,선정',null);
Insert into BAE.FESTIVAL_DESCRIP (FESTIVALID,BLOG_DES,OTHER_DES) values (555,'오페라,춘천,공연,테너,예술,문화,출연,노래,아리아,강원,소프라노,성악가,예총,한여름,이번,활동,무대,바리톤,현재,주역,앙상블,주최,사랑,심기,무료,사진,베이스,라보엠,진학,진행,야외,공연장,시간,상상마당,음악,전지영,오성룡,정효,분위기,피아니스트,부가,통해,여름,웃음,동안,국내외,생각,끼리,회의,리골레또,독창,라이,너드,비엘,링크,슬라브,코바,장소,여름밤,주관,하우스,광진,세빌리아,이발사,묘약,독일,가수,상영,정규환,대표',null);
Insert into BAE.FESTIVAL_DESCRIP (FESTIVALID,BLOG_DES,OTHER_DES) values (771,'부산,해운대,불꽃,해수욕장,동백섬,문화,바다,일원,누리,마루,겨울,모래,사진,수국,마을,시간,공원,재생,때문,해운대구,야경,통제,개장,사용,감천,방문,해설,관광,군락,기간,생각,여행,저녁,안함,조개,나볼,송림,풍경,해변,시작,아이,느낌,한국,기본,동백꽃,위치,출처,사람,해운대해수욕장,파도,거품,구간,중국어,광안대교,다른,부산광역시,종료,모습,행사,구름,날씨,가면,성당',null);
Insert into BAE.FESTIVAL_DESCRIP (FESTIVALID,BLOG_DES,OTHER_DES) values (733,'해운대,강변,수영,부산,거리,행사,무대,재생,영화,우리,주민,노래,병원,사진,준비,오늘,남편,반여동,하나,부스,사용,안함,의료',null);
Insert into BAE.FESTIVAL_DESCRIP (FESTIVALID,BLOG_DES,OTHER_DES) values (735,'해운대,부산,사진,해수욕장,주차장,시간,주차,사람,조형,광장,포토,오뎅,야경,생각,조명,여기,트리,기본,시장,정도,재생,호텔,크리스마스,주말,이용,하나,구경,이번,메인,바로,평일,겨울,맛집,꼬치,조금,풍경,작년,연말,기간,거리,추천,정보,체험,느낌,사용,바다,저희,때문,행사,안함,온천,그냥,만들기,해운대역,여행,카레,브랜드,필자,분위기,점등,참고',null);
Insert into BAE.FESTIVAL_DESCRIP (FESTIVALID,BLOG_DES,OTHER_DES) values (737,'해운대,맞이,카운트다운,부산,새해,행사,일출,공연,시간,해수욕장,사람,오전,해운대해수욕장,시작,기본,재생,진행,정보,오후,이벤트,이번,시민,사진,거리,불꽃,명소,사용,안함,사장,현장,정말,땅끝,체험,여행,인파,주차,한해,올해',null);
Insert into BAE.FESTIVAL_DESCRIP (FESTIVALID,BLOG_DES,OTHER_DES) values (815,'가수,가요제,현인,부산,무대,송도,송도해수욕장,조명,본선,행사,노래,공연,바다,개최,선생,초대,협회,이사장,선생님,한국,축하공연,인순이,양지은,국민,출연,서구,김동현,요미,솔로몬,주차장,해수욕장,참가,예술인,올해',null);
Insert into BAE.FESTIVAL_DESCRIP (FESTIVALID,BLOG_DES,OTHER_DES) values (817,'탈춤,안동,페스티벌,국제,행사,공연,무대,공연장,거리,공원,체험,안동역,시작,시간,진행,주차장,부스,준비,사진,메인,올해,사람,모습,방문,참여,하회별신굿탈놀이,여행,보고,구경,도심,프로그램,재생,문화,아이,강변,사용,기본,이번,곳곳,주차,양반,국가,아들,하나,장소,정보,현장,마당',null);
Insert into BAE.FESTIVAL_DESCRIP (FESTIVALID,BLOG_DES,OTHER_DES) values (744,'문화,공연,체험,행사,일원,위원회,예술,전시,대구,부산,공원,영화,문화재단,강릉,관광,프로그램,추진,아트,경상남도,센터,전라도,대회,페스티벌,오디오,박물관,공연장,운영,음악,수영,광주,양구군,극장,콘서트,선사,해운대,충청도,오후,판매,무대,시간,영화제,재단,동백꽃,한국,관람,영화관,부대,강원,부산광역시,미술관,단체,수영구,개봉,개막,문화제,전당,강릉시,근현대사,감상,역사,국제,광장,문화원,우리,장소,거리,전통,강원도,경연,구청,도서관,주관',null);
Insert into BAE.FESTIVAL_DESCRIP (FESTIVALID,BLOG_DES,OTHER_DES) values (746,'공원,문화,마을,단풍,공연,체험,가을,대회,도서관,예술,행사,전시회,코스모스,박물관,음악회,여행,페스티벌,향교,생태,시장,콘서트,센터,자전거,마당,카페,거리,걷기,정기,야경,시민,강릉,둘레길,대구,프로그램,연주회,전통,캠핑장,문화재,국화,은행나무,아트,전시,시립,청소년,관광,서울,전국,저수지,장터,문화재단,공연장,벽화,체육,미술관,역사,서원,춘천,파크,회관,억새,경기,고택,갤러리,테마,충남,수원,강원,코스,사랑,교육,독서,사업,노을,드라이브,생활,산책,국제,계곡',null);
Insert into BAE.FESTIVAL_DESCRIP (FESTIVALID,BLOG_DES,OTHER_DES) values (863,'한지,의령,문화,가야금,전통,현세,의령군,우륵,주차장,체험,개최,제작,공연,행사,종이,기술,가수,마당,지장,과정,무형문화재,우리,음악회,대회,만들기,역사,콘텐츠,월일,개막식,청소년,국가',null);
Insert into BAE.FESTIVAL_DESCRIP (FESTIVALID,BLOG_DES,OTHER_DES) values (867,'금호강,바람소리,행사,대구,재생,공연,기본,체험,무대,사용,안함,산격,부스,아이,프로그램,자동,사람,금호,시간,리베,란테,현장,진행,북구,우리,보트,커피차,배경,이번,대교,주차,강변,천리,바로,바람,북구청,라인업,전체,축하,음악회,공유,실시간,참여,시작,드론,거리,음소거,설정,화면,해상도,자막,속도,글자,크기,도움말,모두,소리,공단,아프리카,아트,개청,주년,하나,일요일,커피',null);
Insert into BAE.FESTIVAL_DESCRIP (FESTIVALID,BLOG_DES,OTHER_DES) values (877,'정약용,아이,문화제,재생,다산,사용,행사,안함,체험,기본,유적지,공연,진행,시간,여유당,생가,선생,모습,전체,사람,참여,정말,글자,부스,공원,선생님,공유,음소거,실시간,설정,화면,해상도,자막,속도,크기,배경,도움말,프로그램,주차,가을,생태,시작,남양주,무대,도착,혼례,박물관,생각,그림,여기,영상,입구,방문,대회,콘서트,실학,거리,수상자',null);
Insert into BAE.FESTIVAL_DESCRIP (FESTIVALID,BLOG_DES,OTHER_DES) values (921,'연꽃,안심,창조,밸리,대구,행사,갤러리,체험,단지,마을,공연,진행,동구,카페,힐링,금강역,주민,연근,주차,특산,부스,개화,아이,터널,레일,일원,개최,걷기,생태,마켓,가수,대회,운영,모습',null);
Insert into BAE.FESTIVAL_DESCRIP (FESTIVALID,BLOG_DES,OTHER_DES) values (932,'광천,새우젓,토굴,체험,시장,홍성,전통,젓갈,홍성군,전국,오서산,출처,진행,공연,프로그램,행사,주부,가요제,시식,새우,광천읍,대회,먹거리,거리,자랑,가을,등산,노래,김장,무대,참여,사진,여행,축하공연,무료,개막식,일원,김구,기간,판매,부스,골목,이번,재생,보부상,튀어,충남,때문,바로,시간,김치,제공,자연,숙성,준비,관광객,소개,사용',null);
Insert into BAE.FESTIVAL_DESCRIP (FESTIVALID,BLOG_DES,OTHER_DES) values (933,'홍성,국화,국화축제,남당항,체험,사진,홍성사,공원,부스,분수,해양,김장,조형,행사,홍성군,방문,바다,아이,포토,여행,무료,구경,가을,진행,대하,재료,여기,시간,먹거리,하나,생각,마늘,정보,해랑,충남,노을,전시,보고,정말,주차장,남당,특산,코스,준비,재생,이용,다른,셔틀버스,분재,장소,거리,농업,사용,김치,운영,뽀로로,기본,전망대',null);
Insert into BAE.FESTIVAL_DESCRIP (FESTIVALID,BLOG_DES,OTHER_DES) values (938,'정조대왕,능행,재현,행렬,구간,행사,수원,공연,화성,재생,진행,공동,체험,창덕궁,정조,수원화성,노들섬,사용,광장,안함,기본,서울,행차,광화문,퍼레이드,배다리,참여,모습,관람,전체,융릉,혜경궁,금천구청,장안문,홍씨,시작,아이,통제,자동,차도,퍼포먼스,마당,시간,명당,센터,의식,을묘년,전통,부스,거리,실시간,속도,배경,시민,공유,음소거,설정,화면,해상도,자막,글자,크기,도움말,참가,기록,가마,정리,취타,미음,수원시,임금,처음,후기,정도,을묘,의궤',null);
Insert into BAE.FESTIVAL_DESCRIP (FESTIVALID,BLOG_DES,OTHER_DES) values (940,'옹기,체험,토기,갈산면,홍성,만들기,주민,전통,점토,마을,거리,재생,음식,공연,사진,정말,자치,아이,프로그램,사용,안함,준비,항아리',null);
Insert into BAE.FESTIVAL_DESCRIP (FESTIVALID,BLOG_DES,OTHER_DES) values (941,'홍성군,조개,남당항,체험,대하,아이,홍성,홍주읍성,참여,행사,가구,진행,프로그램,시간,사용,여행,탄소,중립,작품,준비,국화축제,학습,전시',null);
Insert into BAE.FESTIVAL_DESCRIP (FESTIVALID,BLOG_DES,OTHER_DES) values (942,'벚꽃,한우,홍성,마을,거북이,맛집,내년,구경,노래,자랑,고기,산책,완전,잔치국수,갈비탕,오늘,식사,시간,바로,정도,부동산,거리,국가',null);
Insert into BAE.FESTIVAL_DESCRIP (FESTIVALID,BLOG_DES,OTHER_DES) values (1223,'광주,추억,공연,행사,금남로,진행,프로그램,재생,거리,충장로,무대,버스킹,기본,광장,드론,시간,사용,퍼레이드,민주,하늘,안함,자동,체험,월드컵,부스,이번,아이,주차장,하나,사진,기간,주차,개막식,정원,마당,참여,장소,고고,일정,라인업,곳곳,공간,실시간,전체,가수,마련,안내,통제,골목,볼거리,동안,이승환,우리,모습,문화,사람,설정,동구,정보,방문,시민,운영,위치,공유,음소거,화면,해상도,자막,속도,글자,크기,배경,도움말,공원,먹거리,대회,예술',null);
Insert into BAE.FESTIVAL_DESCRIP (FESTIVALID,BLOG_DES,OTHER_DES) values (1247,'합천,물놀이,바캉스,체험,아이,정양,모래,포츠,공원,운영,황강,이용,프로그램,물총,여름,재생,경남,시간,분수,게임,진행,무료,그늘,만들기,대여,주차장,워터,사용,안함,카누,공연,기본,바로,사진,월일,현장,주말,입장,행사,시작,포토,자동,모래사장,워터파크,파라솔,돗자리,마술,사이트,금액,접수,거리,사전예약,일정,서바이벌,바닥,준비,추천,예약,주차,대야성,에어,나무,전체,기간,부스,공유,친구,시설,텐트,더위,유료,보물,합천군',null);
Insert into BAE.FESTIVAL_DESCRIP (FESTIVALID,BLOG_DES,OTHER_DES) values (1248,'한우,합천,황토,판매,구이,공원,이용,체육,재생,여행,군민,행사,소고기,고기,사용,핑크,경남,방문,가격,바로,거리,프로그램,안함,계산,현장,합천군,잔디,부스,기본,가을,할인,황매산,자동,테이블,부위,구경,뮬리,광장,주말,구매,야채,패키지',null);
Insert into BAE.FESTIVAL_DESCRIP (FESTIVALID,BLOG_DES,OTHER_DES) values (1250,'체험,대장경,합천,테마,파크,만들기,아이,기록,문화,무료,운영,공연,진행,주차장,우리,예약,시간,천년,그림,해인사,경남,선택,생각,공간,팔만대장경,여행,보고,부스,가을,현장,프로그램,비누,바로,가지,모두,합천군,기간,구경,전시,하나,재생,퍼즐,거리,어른,역사,국화,행사,준비,구입,완성,단풍',null);
Insert into BAE.FESTIVAL_DESCRIP (FESTIVALID,BLOG_DES,OTHER_DES) values (1252,'군민,행사,문화제,합천,대야,대회,합천군,요리,진행,엄마,공원,체육,개최,재생,가수,일해,안전,사람,경기,준비,전야제,경남,사용,대표,공연,민속,행렬,화합,자동,안함,기본,인기,시간,풍물',null);
Insert into BAE.FESTIVAL_DESCRIP (FESTIVALID,BLOG_DES,OTHER_DES) values (1273,'체험,노을,갯벌,행사,여수,여자,바지락,마을,맨손,고기잡이,소라면,아이,바다,여행,보물찾기,시간,장척,가능,망둥어,낚시,대여,시작,부스,일정,대나무,사용,곡리,입장권,장화,사진,일원,여자도,기간,진행,주차장,해안,걷기,장소,참여,여수시,누구,가을',null);
Insert into BAE.FESTIVAL_DESCRIP (FESTIVALID,BLOG_DES,OTHER_DES) values (1275,'불꽃,여수,바다,주차장,행사,이순신,광장,공연,재생,시간,크루즈,기본,진행,사용,안함,공영,장소,부동산,명당,사진,공원,사람,장군,때문,거리,낭만,야경,카페,시작,주차,해상,통제,자동,생각,국가,정보,이사부,정말,저희,다시,돌산대교,크기,배경,모습,차량,대형',null);
Insert into BAE.FESTIVAL_DESCRIP (FESTIVALID,BLOG_DES,OTHER_DES) values (1278,'동래읍성,동래,공연,재생,역사,체험,기본,사용,안함,자동,행사,뮤지컬,읍성,야외,구역,부산,사람,광장,진행,전체,북문,배경,프로그램,공유,음소거,실시간,설정,화면,해상도,자막,속도,글자,크기,도움말,재현,공연장,먹거리,문화,한복,전투,아이,전통,회관,참여,박물관,장터,거리,만들기,언덕,성민,조선,정말,방문,시간,부스,불꽃,시작,줄타기,주차장,파전,현장,장소,가수,구경,관람,동래부,초대,주말,셔틀버스,터널,내년,작년',null);
Insert into BAE.FESTIVAL_DESCRIP (FESTIVALID,BLOG_DES,OTHER_DES) values (1286,'강감찬,낙성대,공연,관악,공원,장군,프로그램,아이,체험,시간,행사,관악구,부스,드론,고려,트럭,별빛,사람,무대,진행,참여,장소,역사,이번,푸드,생각,도서관,작년,거리,전쟁,구경,여기,불꽃,정말,사진,밴드,방문,대표,예정,준비,진짜,정도,일시',null);
Insert into BAE.FESTIVAL_DESCRIP (FESTIVALID,BLOG_DES,OTHER_DES) values (1291,'덕이,안성,남사당,안성맞춤,공연,랜드,시간,무대,모습,보고,체험,행사,장터,먹거리,진행,시작,거리,안성시,정말,줄타기,아이,재생,저희,주차장,아들,셔틀버스,생각,장소,사람,처음,이용,전통,운행,분위기,일정,주차,볼거리,사용,개최,프로그램,가을,위해,부동산,국가,메인,사진,시민,안함,기본,개막식',null);
Insert into BAE.FESTIVAL_DESCRIP (FESTIVALID,BLOG_DES,OTHER_DES) values (1292,'포도,안성,샤인,부스,스캣,안성맞춤,공연,가격,주차장,판매,구매,거봉,체험,풍선,서운면,거리,만들기,행사,먹거리,노래,음식,품평,아이,방문,농가,진행,작년,길거리,시식,구입',null);
Insert into BAE.FESTIVAL_DESCRIP (FESTIVALID,BLOG_DES,OTHER_DES) values (1315,'지평선,김제,체험,벽골제,아이,행사,주차장,사람,재생,주차,먹거리,메뚜기,시간,사용,공간,기본,우유,거리,자동,안함,정말,생각,부스,사진,먼저,하나,음식,김제시,기간,모습,광장,저녁,연날리기,엄마,잡기,정도,무료,처음,자리,전망대,마당,배경,저희,동안,농경,개막식,공연,임시,구경,여기,청년,실시간,전체,크기,시작,준비,목장,장터,프로그램,가을,부교',null);
Insert into BAE.FESTIVAL_DESCRIP (FESTIVALID,BLOG_DES,OTHER_DES) values (1191,'여수,동북,재생,동동,행사,공연,공원,퍼레이드,사용,안함,참여,기본,용기,무대,거리,푸드,주차장,트럭,저희,소식,핑크,시간,준비,공영,시민,공유,음소거,실시간,설정,전체,화면,해상도,자막,속도,글자,크기,배경,도움말',null);
Insert into BAE.FESTIVAL_DESCRIP (FESTIVALID,BLOG_DES,OTHER_DES) values (996,'포도,둔덕,체험,거제,행사,판매,부스,거봉,아이,만들기,무료,우리,시간,공연,재생,가격,시식,트럭,천원,사용,체육,풍선,공원,주차,구매,방문,둔덕면,생활,거리,기본,바로,만원,사진,사람,진행,입구,안함,경남,장터,푸드,유료,이번,준비,특산,먹거리,추억,자동,거제도,거제시,뽑기,정도,조금,이용,작년,꼬물이,농원,하나,박스,저희,오후,참여,구입',null);
Insert into BAE.FESTIVAL_DESCRIP (FESTIVALID,BLOG_DES,OTHER_DES) values (1093,'부산,바다,재생,다대,사용,안함,해운대,해수욕장,기본,해변,일몰,공연,모래,배경,다대포해수욕장,자동,공유,음소거,실시간,설정,전체,화면,해상도,자막,속도,글자,크기,도움말,주차장,사람,여름,분수,시간,노래,무대,행사,개장,일정,서핑,대포,파티,콘서트,바로,모두,진행,기간,방문,생각,참고,파도,소란,나이트,오늘,댄스,분위기,운영,폴킴',null);
Insert into BAE.FESTIVAL_DESCRIP (FESTIVALID,BLOG_DES,OTHER_DES) values (1224,'광주,버스킹,공연,월드컵,무대,재생,사람,지원,음악,기본,자동,사용,안함,하늘,참가,스테이지,마당,충장로,사진,광장,경연,거리,영상,세계,문화,참가자,해외,참여,대회,전체,뮤지션,추억,금남로,이번,민주,생각,저녁,시간,본선,공유,음소거,실시간,설정,화면,해상도,자막,속도,글자,크기,배경,도움말',null);
Insert into BAE.FESTIVAL_DESCRIP (FESTIVALID,BLOG_DES,OTHER_DES) values (1215,'광주,비엔날레,맛집,한우,방문,전시,돈까스,미술관,한정식,메뉴,전시관,작품,음식,소고기,고기,시간,관람,기본,장흥,아이,주차,재생,문화,월요일,생각,파빌리온,사용,추천,공간,부모님,하나,정도,정남진,갈비살,가장,주문,전복,안함,세계,사람,남자,공모,설계,제대로,예약,크기,정말,먹기,새우,떡갈비,저희,자동,진행,국립,공원,사업',null);
Insert into BAE.FESTIVAL_DESCRIP (FESTIVALID,BLOG_DES,OTHER_DES) values (1216,'광주,거리,페스티벌,공연,프린지,작품,초청,서커스,예술,행사,해외,거리예술,광장,국내,장소,진행,금남로,민주,퍼포먼스,프로그램,출처,이동형,무용,재생,장르,기본,사전예약,부스,공간,참여,정말,관람,기획,컨템포러리,이번,시간,사용,아이,아시아,통제,시민,나라,일정,안함,문화,무대,의미,제작,구경,인형극,모두,정보,일원,통해,아크로바틱,일시',null);
Insert into BAE.FESTIVAL_DESCRIP (FESTIVALID,BLOG_DES,OTHER_DES) values (1359,'구포,나루,낙동강,재생,체험,부산,행사,생태,공원,안함,노을,사용,기본,금빛,아이,자동,브릿지,공연,먹거리,시간,드론,푸드,트럭,국수,주차장,글자,전체,화면,진행,무대,공유,음소거,실시간,설정,해상도,자막,속도,크기,배경,도움말,북구,나루터,연꽃,야경,마켓,오후,가수,우리,보고,거리,단지,사진,장터,감자,부스,미꾸라지,초대,이모저모,이번,사람,나이트,여기,이용,주막,동영상,시장,중간,공간,저희,엘리베이터,한번,구경,안내,오리,모습,위치,도착',null);
Insert into BAE.FESTIVAL_DESCRIP (FESTIVALID,BLOG_DES,OTHER_DES) values (1309,'포도,김천,체험,컬쳐,행사,페스,가을,샤인,진행,무대,농촌,황금,미로찾기,마켓,부스,스포츠,메인,옥수수,수확,타운,주차장,페스티벌,시간,공연,준비,포토,아이,사진,이벤트,장소,종합,거리,여행,콘서트,라이브,커머스,대표,고추,이번,개막식,날씨,기간,운영,프로그램,너리,일정,현장,경북,판매,가수,스윗,피크닉',null);
Insert into BAE.FESTIVAL_DESCRIP (FESTIVALID,BLOG_DES,OTHER_DES) values (1217,'김치,광주,행사,체험,상무,부스,공원,시민,음식,파티,진행,마켓,무대,김장,준비,공연,요리,클래스,구입,우주,주차,푸드,밥상,판매,사람,쯔양,테이,주차장,방문,페스,최초,시간,장소,기본,천인,명인,아이,시식,개막식,거리,먹거리,설치,주년,민공,정말,만들기,이번,정보,아트,장터,현장,전통,운영,프로그램,김민경,김원효,공간,임대',null);
Insert into BAE.FESTIVAL_DESCRIP (FESTIVALID,BLOG_DES,OTHER_DES) values (1302,'구기자,고추,청양,청양고추,문화,체험,판매,행사,진행,공연,청양군,시간,이번,건강,전시,프로그램,무대,먹거리,가격,품종,거리,공원,재배,농산물,전시관,영업,구매,무료,정말,기간,가을,행복,모습,세계,방문,충남,부스,개막식,가수',null);
Insert into BAE.FESTIVAL_DESCRIP (FESTIVALID,BLOG_DES,OTHER_DES) values (713,'공연,체험,일원,문화,행사,부산,대구,위원회,공원,달맞이,전시,해운대,재생,추진,경상남도,음악회,전라도,마당,프로그램,페스티벌,사용,안함,예술,관광,대회,기본,광주,너머,다솜,충청도,판매,문화재단,노래,이은미,부산광역시,무대,교육,변진섭,공유,배경,국제,강원도,광장,재단,부대,음소거,실시간,설정,전체,화면,해상도,자막,속도,글자,크기,도움말,운영,구청,유리상자,알리,바다,경상북도,문화제,가수,콘서트,테마,홍보,개막식,퍼레이드,경연,개막,불꽃,합천,센터,가을,주제,시민,거리,시식,문화원,참여',null);
Insert into BAE.FESTIVAL_DESCRIP (FESTIVALID,BLOG_DES,OTHER_DES) values (1249,'황매산,억새,주차장,정상,합천,코스,재생,캠핑장,공원,시간,사진,주차,군락,방문,기본,가을,오토,계단,철쭉,하늘,사용,안함,산청,등산,산행,군립,여기,어르신,정도,바로,우리,구경,조금,캠핑,사람,기간,모습,풍경,전체,미리내,경남,공유,배경,자동,시작,바람,능선,음소거,실시간,설정,화면,해상도,자막,속도,글자,크기,도움말,아이,촬영,주말,도착,정말,거리,이제,산불,감시,여행,이동,중간,출발,준비,은행나무',null);
Insert into BAE.FESTIVAL_DESCRIP (FESTIVALID,BLOG_DES,OTHER_DES) values (1251,'합천,영화,테마,파크,영화제,영상,수려,시간,체험,무료,사진,인형,상영,여행,경남,이야기,촬영,행사,타로,관람,합천군,거리,공연,모노레일,세트,작품,대구,청와대,감독,제작,구경,장면,아이,조선총독부,건물,정도,관객,근교,마켓,방문,이용,독립영화,영화관,단성사,작업',null);
Insert into BAE.FESTIVAL_DESCRIP (FESTIVALID,BLOG_DES,OTHER_DES) values (1256,'드론,남원,세계,체험,행사,대회,재생,제전,레이싱,사용,기본,자동,안함,스포츠,진행,음식,축구,등록,종합,푸드,아이,트럭,산업,타운,속도,시간,경기장,전체,화면,크기,방문,위해,참여,생각,공유,음소거,실시간,설정,해상도,자막,글자,배경,도움말,입구,부스,박람회,항공,사람,가지,선수,공연,정보,사전,장소',null);
Insert into BAE.FESTIVAL_DESCRIP (FESTIVALID,BLOG_DES,OTHER_DES) values (1274,'거문도,행사,체험,은빛,바다,백도,잡기,호교,물양장,여수시,무대,해풍,할인,공연,여수,시간,관광객,홍보,위원회,맨손,지인,역사,운영,숙박,개최,숙박업소,결제,일원,이번,장소,고둥,만원,갈치,해산물,시연,가요제,천혜,신청',null);
Insert into BAE.FESTIVAL_DESCRIP (FESTIVALID,BLOG_DES,OTHER_DES) values (1276,'향일암,여수,일출,주차장,새해,출제,행사,시간,해돋이,소원,계단,명소,진행,맞이,재생,사람,일몰,프로그램,마을,생각,오전,관광,임포,감상,코스,주차,공연,이용,기본,출처,자리,셔틀버스,자동,사용,안함,출발,시작,입구,제야,전남,위해,여행,통제,대웅전,돌산읍,관음,사찰,해넘이,타종',null);
Insert into BAE.FESTIVAL_DESCRIP (FESTIVALID,BLOG_DES,OTHER_DES) values (1283,'종교,바자회,성북동,연합,성당,행사,사랑,교회,공연,가을,난치병,목사,수익금,강북구,나눔,음악,문화,길상사,장터,올해,스님,불교,천주교,주민,판매,성북,기독교,한국,지난,주지,부스,단체,아침,거리,시작,위해,마련,희망,개최,이웃,서울,먹거리,돕기,임신부,클래식,주관,마을,개울',null);
Insert into BAE.FESTIVAL_DESCRIP (FESTIVALID,BLOG_DES,OTHER_DES) values (1293,'대고려,안성,문화,공연,장군,가수,주산성,송문주,죽산,노래,행사,무대,포도,재생,체험,시민,노점,센터,거리',null);
Insert into BAE.FESTIVAL_DESCRIP (FESTIVALID,BLOG_DES,OTHER_DES) values (1327,'머드,보령,패밀리,체험,대천해수욕장,일반,입장,시간,숙소,충남,보호자,거리,이용,성인,아이,우리,기본,여름,예약,펜션,조금,대천,판매,재생,사용,방문,티켓,행사,바로,정말,정보,공연,사진,올해,입장료,불꽃,데이,광장,워터파크,이상,호텔,예매,토끼,사람,운영,작년,부동산,국가,펫존,나이스,주말,평일,샤워,기간,현장,동반,안함,모습,주차장',null);
Insert into BAE.FESTIVAL_DESCRIP (FESTIVALID,BLOG_DES,OTHER_DES) values (1192,'청년,문화,행사,체험,문수동,공원,거리,공연,마당,기부,걷기,문수,부스,여수,진행,상가,대통,우리동네',null);
Insert into BAE.FESTIVAL_DESCRIP (FESTIVALID,BLOG_DES,OTHER_DES) values (714,'해운대,재생,부산,공연,기본,크리스마스,사용,안함,거리,주차장,사진,주차,바다,사람,정말,해운대해수욕장,떡볶이,배경,점등,광장,해수욕장,크기,캐럴,전체,공유,음소거,실시간,설정,화면,해상도,자막,속도,글자,도움말,조금,야경,시간,여기,진행,느낌,모래,명소,지금,포토,시장,공영,남로,콘서트,생각,불꽃,유니세프,여러,해운대구,정보,자동,행사,진짜,벌써,올해,모습,서서,부동산,국가,밴드,영상,조형,마음,처음',null);
Insert into BAE.FESTIVAL_DESCRIP (FESTIVALID,BLOG_DES,OTHER_DES) values (1071,'시민,활동,경주,신라,문화제,기획,모집,신청,프로젝트,실행,실크로드,페스,문화재단,지원,수강생,프로듀서,교육,시간,직접,운영,분반,이상,기간,경주시,교육과정,제공,서포터즈,발표,방법,참여,혜택,확인,봉사,구글,문화,전문가,공연,체험,수료,증명서,아래',null);
Insert into BAE.FESTIVAL_DESCRIP (FESTIVALID,BLOG_DES,OTHER_DES) values (1102,'체험,일원,공연,문화,행사,대구,위원회,부산,공원,전시,추진,경상남도,해운대,전라도,페스티벌,프로그램,대회,예술,관광,광주,충청도,판매,문화재단,운영,부산광역시,반려동물,부대,재단,광장,구청,국제,문화제,강원도,경상북도,무대,불꽃,개막식,테마,바다,콘서트,퍼레이드,경연,개막,합천,마을,시식,문화원,시민,거제,미정,전통,해수욕장,주제,홍보,청도,축하공연,버스킹,센터,거리,파크,야외,음악회,울산,가요제,조직,춘천,팔공산,예산,주민,참여,마당,생활,장터,만들기,개최,의령,요리,황매산,대구광역시,부스,역사,옹기,아트',null);
Insert into BAE.FESTIVAL_DESCRIP (FESTIVALID,BLOG_DES,OTHER_DES) values (1104,'산청,체험,약초,한방약,동의보감,사진,행사,부스,경남,무료,시간,게임,거리,재생,힐링,산청군,진행,구경,의녀,만들기,사용,아이,방문,무릉,기간,공연,광장,운영,직접,전시,안함,야외,항노화,혜민서,기본,사람,찜질방,구들,음식,현장,의전,건강,보고,주제,프로그램,참여,장소,입구,코스프레,볼거리,처음,판매,전통,진료,엑스포,준비,장작,주차장,생각,추억,전체,테마,웰니스,공유,글자,보약',null);
Insert into BAE.FESTIVAL_DESCRIP (FESTIVALID,BLOG_DES,OTHER_DES) values (1121,'치즈,임실,체험,테마,파크,피자,재생,주차장,아이,사람,행사,사용,사진,안함,기본,먹거리,시간,만들기,공연,자동,정말,방문,주차,구경,전체,생각,국화,셔틀버스,카페,엄마,크기,도착,키즈,공유,전주,판매,음소거,실시간,설정,화면,해상도,자막,속도,글자,배경,도움말,거리,역사,우리,그냥,자리,장소,기간,진행,준비,저희,전북,화관,볼거리,공간,포토,다시,오빠,여기,오늘,오전,현장,조각,무대,아침',null);
Insert into BAE.FESTIVAL_DESCRIP (FESTIVALID,BLOG_DES,OTHER_DES) values (993,'수국,남부,저구항,거제,행사,해수욕장,주차장,명사,동산,구리,꾸리,매물도,여객선,터미널,바다,장소,마을,재생,무대,상품,개화,모습,메인,거제시,물총,이용,운영,거리,구간,도보,기간,시간,사진,사용,미니,여름,기본,보물,트럭,마켓,구역,이내,포토,안함,주차,체험,부채,게릴라,노래방,푸드,플리,도로,차량,배경,거제도,텀블러,부동산,국가,공연,선착순,방문,만들기',null);
Insert into BAE.FESTIVAL_DESCRIP (FESTIVALID,BLOG_DES,OTHER_DES) values (995,'맥주,거제,장승포,주차장,예매,할인,사전,공원,입장,공연,거제시,입장권,예술,임시,현장,터미널,장승포동,거제도,거리,행사,생각,경상남도,문화,회관,혜택,네이버,무료,무대,라면,시민,사람,여행,주차,나태주,부동산,국가,진짜,시간,노라조,이벤트,구매,해물,생맥주,인터뷰,정보,무제한,라인업',null);
Insert into BAE.FESTIVAL_DESCRIP (FESTIVALID,BLOG_DES,OTHER_DES) values (997,'거제,섬꽃,정글,사진,식물,재생,거제시,식물원,아이,농업,방문,체험,개발,기본,생각,사람,국화,사용,안함,조형,관람,운영,기간,핑크,포토,우리,시간,구경,먹거리,가을,무료,바로,주말,공연,모습,입장료,주차,행사,아주,거리,작품,크기,배경,타워,여기,저희,정도,곤충,공유,음소거,실시간,설정,전체,화면,해상도,자막,속도,글자,도움말,내부,경남,주차장,장터,이번,이용,안내,뮬리,떡볶이,거제도,공간',null);
Insert into BAE.FESTIVAL_DESCRIP (FESTIVALID,BLOG_DES,OTHER_DES) values (999,'펭귄,국제,수영,거제도,행사,옥포동,바다,접수,참가,겨울,덕포,해수욕장,센터,주민,광어,황금,대회,안전,개최,홈페이지,거제,자치,참가자,체험,올해,거제시,사장,왕복,이번,방문,낭만,아이스,나눔',null);
Insert into BAE.FESTIVAL_DESCRIP (FESTIVALID,BLOG_DES,OTHER_DES) values (1075,'파주,페스티벌,포크,재생,기본,사용,안함,평화,누리,노래,공원,임진각,자동,배경,자막,크기,공유,음소거,실시간,설정,전체,화면,해상도,속도,글자,도움말,무대,시간,밴드,시작,진행,부활,사람,공연,자리,여행스케치,무료,주차장,아이,출연,음악,권인하,행사',null);
Insert into BAE.FESTIVAL_DESCRIP (FESTIVALID,BLOG_DES,OTHER_DES) values (1077,'헤이리,페스티벌,체험,마을,파주,예술,박물관,공연,아이,한길,행사,무료',null);
Insert into BAE.FESTIVAL_DESCRIP (FESTIVALID,BLOG_DES,OTHER_DES) values (1079,'파주,인삼,성인,임진각,평화,공원,누리,재생,체험,기본,개성,사용,안함,부스,자동,장단콩,공연,가수,행사,판매,아이,사람,시간,먹거리,바로,속도,크기,가을,공유,음소거,실시간,설정,전체,화면,해상도,자막,글자,배경,도움말,거리,막걸리,주차장,전통,튀김,여행,사진,주차,구경,방문,오늘,구입,이번,진짜,요리,파주시,기간',null);
Insert into BAE.FESTIVAL_DESCRIP (FESTIVALID,BLOG_DES,OTHER_DES) values (1088,'고래,울산,장생포,공연,행사,부스,문화,재생,체험,사람,개막식,불꽃,무대,사진,남구,사용,기본,촬영,산고,구경,안함,마을,시간,글자,정말,이번,마당,장생,시작,모습,기간,바다,정동원,진행,저녁,가수,아이,여행,생각,맛집,광장,가장,방문,전체,크기,참여,오늘,조금,아주,설정,특구,먹거리,준비,바로,또한,실시간,해상도,속도,거리,주차,주차장,위해,마련,공유,음소거,화면,자막,배경,도움말,행선,어게인,동안,이용,버스,여기,보고,프로그램,퍼포먼스,타고,노래,영상',null);
Insert into BAE.FESTIVAL_DESCRIP (FESTIVALID,BLOG_DES,OTHER_DES) values (1091,'부산,페스티벌,국제,티켓,라인업,록페스티벌,예매,무대,공연,기본,밴드,재생,출연,정보,부락,입장,노래,스테이지,승연,안내,정말,사용,안함,생태,공원,가격,진짜,사람,다음,음악,처음,사진,우리,생각,보고,새소년,확인,이번,거리,여기,버드,실리카겔,오빠',null);
Insert into BAE.FESTIVAL_DESCRIP (FESTIVALID,BLOG_DES,OTHER_DES) values (1097,'매직,부산,마술,공연,페스티벌,국제,체험,서커스,진행,마술사,아이,티켓,스포,사진,행사,입장,관람,시간,남구,이번,극장,세계,판타지아,프로그램,파크,할인,갈라,어린이극,미니,시작,시즌,예매,바로,컨벤션,문화,구매,포토,마법,정말,영화의전당,공원,운영,현장,추천,거리,주차,경품,보고,시민,참고,다른,후기,개월,무료,공연장,방문,미션,대회',null);
Insert into BAE.FESTIVAL_DESCRIP (FESTIVALID,BLOG_DES,OTHER_DES) values (1099,'부산,바다,재생,다대,기본,사용,안함,해운대,해수욕장,자동,해변,일몰,공연,모래,배경,다대포해수욕장,공유,음소거,실시간,설정,전체,화면,해상도,자막,속도,글자,크기,도움말,주차장,사람,여름,분수,시간,노래,무대,행사,개장,일정,서핑,대포,파티,콘서트,바로,모두,진행,기간,방문,생각,참고,파도,소란,나이트,오늘,댄스,분위기,운영,폴킴',null);
Insert into BAE.FESTIVAL_DESCRIP (FESTIVALID,BLOG_DES,OTHER_DES) values (982,'사상,강변,공원,행사,아이,진행,재생,가수,주차장,공연,체험,생태,시간,주차,안함,사용,기본,거리,불꽃,럭비,정보,구장,사진,강변가요제,초대,무대,우리,예정,준비,다시,아빠,부산,기장,자동,위치,토요일,푸드,크기,가을,퍼포먼스,바로,먹거리,저녁,공유,음소거,실시간,설정,전체,화면,해상도,자막,속도,글자,배경,도움말,부동산,국가,페스티벌,음악회',null);
Insert into BAE.FESTIVAL_DESCRIP (FESTIVALID,BLOG_DES,OTHER_DES) values (1074,'영화제,다큐멘터리,국제,영화,상영,다큐,진행,감독,작품,공모전,다산,시간,한국,사람,프로그램,경쟁,공연,전쟁,자신,지난,백석,도시,개막식,재생,시상식,평화,인천,관객',null);
Insert into BAE.FESTIVAL_DESCRIP (FESTIVALID,BLOG_DES,OTHER_DES) values (1103,'장산,마을,저수지,전라남도,회진면,사진,바다,부동산,거리,국가,남해,장흥군,덕산,날씨,풍경,재고,용암산,벤치',null);
Insert into BAE.FESTIVAL_DESCRIP (FESTIVALID,BLOG_DES,OTHER_DES) values (1106,'세종,낙화,공원,중앙,호수,시간,재생,보트,세종시,공연,행사,주차장,전통,관람,시장,체험,사용,현장,기본,안함,불꽃,진행,자동,주차,이벤트,재단,사람,부스,미리,사진,정도,방문,청년,육성,거리,다리,준비,모습,안전,시작,불교,전체,참여,공유,정보,구역,설치,배경,신청,탑승,후기,확인,근처,아이,나무,음소거,실시간,설정,화면,해상도,자막,속도,글자,크기,도움말,기간,작년,안내,푸드,트럭,이용,때문,예정,국립,상인,사전',null);
Insert into BAE.FESTIVAL_DESCRIP (FESTIVALID,BLOG_DES,OTHER_DES) values (992,'옥포,대첩,거제,행사,재생,공연,체험,사용,안함,기본,자동,불꽃,무대,공원,문화,블랙이글스,시간,거리,거제시,승전,아이,진행,글자,주차장,오션,전통,전체,화면,자막,에어쇼,공유,음소거,실시간,설정,해상도,속도,크기,배경,도움말,보드,이순신,예술,참여,플라이,시작,준비,시민,옥포해전,장군,주차,작년,임진왜란,특설,전시,오전,기간,장소,역사,사람,안내,물총,플라자,기념,무료,구경,오후,일차,한화,관람,마지막,프로그램,뮤지컬,해상,가장,일정,셔틀버스,전투,재단',null);
Insert into BAE.FESTIVAL_DESCRIP (FESTIVALID,BLOG_DES,OTHER_DES) values (994,'거제,바다로,세계,행사,공원,바다,지세포항,사람,대회,블루,진행,거제도,사진,홈페이지,콘서트,세포,트레일,개막식,야시장,푸드,트럭,주차장,불꽃놀이,여름,무대,생각,메인,시간,시작,기본,대한민국,거리,자리,먹거리,가수,월일',null);
Insert into BAE.FESTIVAL_DESCRIP (FESTIVALID,BLOG_DES,OTHER_DES) values (998,'대구,거제,외포항,수산물,재생,외포,행사,사용,안함,기본,시식,메기,떡국,무료,판매,겨울,오후,크기,위판,날씨,만원,경매,공유,전체,요리,시간,생선,음소거,실시간,설정,화면,해상도,자막,속도,글자,배경,도움말,방문,경남,사진,가격,정말,이번,저희,주차,무대,올해,생각,장목면,거리,젓갈,그릇,진행,부스',null);
Insert into BAE.FESTIVAL_DESCRIP (FESTIVALID,BLOG_DES,OTHER_DES) values (1000,'불꽃,거제,송년,재생,장승포항,행사,안전,사용,안함,장승포,기본,거제시,자동,공원,공유,실시간,음소거,설정,전체,화면,해상도,자막,속도,글자,크기,배경,도움말,시민,진행,시간,주차,거제도,사진,지킴,사고,공연,맞이,주차장,정말,할머니,영상,문화,새해,예술,마지막,출처,신년,몽돌개,경남,사람,불꽃놀이',null);
Insert into BAE.FESTIVAL_DESCRIP (FESTIVALID,BLOG_DES,OTHER_DES) values (1076,'불꽃,공원,호수,운정,파주,재생,사용,안함,기본,자동,행사,소리,진행,작년,관람,사람,자리,공연,시간,전체,주차,생각,공유,음소거,실시간,설정,화면,해상도,자막,속도,글자,크기,배경,도움말,이번,주차장,산책,올해,야당,구경,시작,위치,날씨,내년,불꽃놀이,이동,산책로,정보,오늘,아이,카페,주변,정도,콘서트,이용,분수',null);
Insert into BAE.FESTIVAL_DESCRIP (FESTIVALID,BLOG_DES,OTHER_DES) values (1078,'율곡,파주,문화제,이이,행사,자운서원,선생,유적지,아이,사진,재생,공연,기본,율곡이이,진행,시간,행렬,프로그램,단풍,유가,사용,전통,시작,자동,안함,강릉,모습,역사,서원,유적,참여,사람,백일장,우리,방문,가치,보고,시민,기념,이번,문화,올해,과거,미술,추향제,준비,신사임당,동물원,동안,광장,생각,콘서트,버스킹,전체,배경',null);
Insert into BAE.FESTIVAL_DESCRIP (FESTIVALID,BLOG_DES,OTHER_DES) values (1080,'장단콩,파주,임진각,행사,누리,판매,평화,주차장,공원,아이,공연,주차,체험,장단,시간,거리,파주시,문산역,먹거리,부스,두부,구경,광장,안내,무료,언덕,특산,서리,재생,요리,메주,이용,운행,사진,농산물,만들기,가격,사용,대회,이번',null);
Insert into BAE.FESTIVAL_DESCRIP (FESTIVALID,BLOG_DES,OTHER_DES) values (1090,'시민,부산,새해,행사,공원,종식,용두산,안전,맞이,오후,예정,사전,김해,타종행사,부산시,위해,종자,타종,소망,시간,사랑,선정,희망,참여,재생,개최,카운트다운,위시,유치,공연,올해,이번,송년,제공,시작,제야,진행,주요,막차,박형준,의회,평화',null);
Insert into BAE.FESTIVAL_DESCRIP (FESTIVALID,BLOG_DES,OTHER_DES) values (1092,'불꽃,부산,광안,재생,기본,사용,시간,사진,안함,명당,광안대교,여행,해운대,시작,행사,자리,해변,배경,관람,진행,전체,공유,정보,거리,광안리해수욕장,이번,사람,정도,해수욕장,음소거,실시간,설정,화면,해상도,자막,속도,글자,크기,도움말,숙소,장소,서울,좌석,호텔,구경,여기,동백섬,생각,올해,예매,공원,이기대,바로,티켓,요트,다른,마음,유치,달맞이,유료,세계박람회,의자,예정,가을,엑스포,우리,만원,감성,정상',null);
Insert into BAE.FESTIVAL_DESCRIP (FESTIVALID,BLOG_DES,OTHER_DES) values (1098,'반송,해운대,한마음,응원,반송동,어린이집,선생님,준비,공립,도구,마을,부산,배경,주민,부산시,채연,참여,의상,최고,여름,코로나',null);
Insert into BAE.FESTIVAL_DESCRIP (FESTIVALID,BLOG_DES,OTHER_DES) values (1100,'해변,해운대,송정,열차,부산,바다,사진,우리,시간,사람,강릉,여행,거리,송정해수욕장,여기,캡슐,예약,청사포,스카이,생각,조금,바로,타고,엄마,때문,출발,도착,공원,카페,정말,보고,코스,주문,재생,기본,정도,근처,불꽃,예매,할인,전망대,사용,다시,숙소,벚꽃,자리,해수욕장,하나,아이,국가,경포,맛집,정거장,송정역,죽도,다음,부동산,버스,모두,부모님,블루라인,커피,추천,구경,관광,아침',null);
Insert into BAE.FESTIVAL_DESCRIP (FESTIVALID,BLOG_DES,OTHER_DES) values (1101,'해운대,인문학,영화,달맞이,언덕,콘서트,사람,공연,시작,강연,가을,이번,추리문학관,노래,포럼,중간,문화,교수,시간,이야기,연주,가사',null);
Insert into BAE.FESTIVAL_DESCRIP (FESTIVALID,BLOG_DES,OTHER_DES) values (929,'바베큐,홍성,페스티벌,주문,글로벌,백종원,부스,음식,사람,오스,판매,행사,재생,먹거리,저희,불고기,기본,취요남,삼겹살,시간,사용,메뉴,방문,정육,자동,안함,사리곰탕,정도,홍성역,셔틀버스,고기,사실,가격,요리,구매,준비,유튜버,체험,이번,웨버,품절,정말,한우,가장,뒷다리,참여,주차장,처음,거리,안내,메인,사진,코리아,풍차,이벤트,진행,대표,때문,바비큐,보고,돼지,예산,운영,문츠,전체,크기,생각',null);
Insert into BAE.FESTIVAL_DESCRIP (FESTIVALID,BLOG_DES,OTHER_DES) values (931,'대하,남당항,홍성,새우,식당,구이,머리,맛집,세트,가격,해산물,튀김,재생,포장,바다,기본,기간,저희,진짜,시간,꽃게,체험,방문,회수,제철,마리,칼국수,바로,버터,사용,수산,정말,정도,안함,음식,크기,주차,만원,메뉴,노을,사장,아이,전망,거리,오리,대회,남당,다른,식사,때문,서해,매우,동안,주문,횟집,사람,주말,마지막,전어,공유,생각,저녁,자리,추천,해물,반찬,먹기,구경,하나,참고,주차장,부동산',null);
--------------------------------------------------------
--  DDL for Index SYS_C007143
--------------------------------------------------------

  CREATE UNIQUE INDEX "BAE"."SYS_C007143" ON "BAE"."BOARDER_COMMENTS" ("COMMENT_ID") 
  PCTFREE 10 INITRANS 2 MAXTRANS 255 COMPUTE STATISTICS 
  STORAGE(INITIAL 65536 NEXT 1048576 MINEXTENTS 1 MAXEXTENTS 2147483645
  PCTINCREASE 0 FREELISTS 1 FREELIST GROUPS 1 BUFFER_POOL DEFAULT FLASH_CACHE DEFAULT CELL_FLASH_CACHE DEFAULT)
  TABLESPACE "USERS" ;
--------------------------------------------------------
--  DDL for Index SYS_C007141
--------------------------------------------------------

  CREATE UNIQUE INDEX "BAE"."SYS_C007141" ON "BAE"."BOARDER" ("BOARDER_CODE") 
  PCTFREE 10 INITRANS 2 MAXTRANS 255 COMPUTE STATISTICS 
  STORAGE(INITIAL 65536 NEXT 1048576 MINEXTENTS 1 MAXEXTENTS 2147483645
  PCTINCREASE 0 FREELISTS 1 FREELIST GROUPS 1 BUFFER_POOL DEFAULT FLASH_CACHE DEFAULT CELL_FLASH_CACHE DEFAULT)
  TABLESPACE "USERS" ;
--------------------------------------------------------
--  DDL for Index SYS_C007277
--------------------------------------------------------

  CREATE UNIQUE INDEX "BAE"."SYS_C007277" ON "BAE"."TOURSHOP" ("SHOPID") 
  PCTFREE 10 INITRANS 2 MAXTRANS 255 COMPUTE STATISTICS 
  STORAGE(INITIAL 65536 NEXT 1048576 MINEXTENTS 1 MAXEXTENTS 2147483645
  PCTINCREASE 0 FREELISTS 1 FREELIST GROUPS 1 BUFFER_POOL DEFAULT FLASH_CACHE DEFAULT CELL_FLASH_CACHE DEFAULT)
  TABLESPACE "USERS" ;
--------------------------------------------------------
--  DDL for Index SYS_C007319
--------------------------------------------------------

  CREATE UNIQUE INDEX "BAE"."SYS_C007319" ON "BAE"."TOURSHOPREVIEW" ("REVIEWID") 
  PCTFREE 10 INITRANS 2 MAXTRANS 255 COMPUTE STATISTICS 
  STORAGE(INITIAL 65536 NEXT 1048576 MINEXTENTS 1 MAXEXTENTS 2147483645
  PCTINCREASE 0 FREELISTS 1 FREELIST GROUPS 1 BUFFER_POOL DEFAULT FLASH_CACHE DEFAULT CELL_FLASH_CACHE DEFAULT)
  TABLESPACE "USERS" ;
--------------------------------------------------------
--  DDL for Index SYS_C007140
--------------------------------------------------------

  CREATE UNIQUE INDEX "BAE"."SYS_C007140" ON "BAE"."USERS" ("ID") 
  PCTFREE 10 INITRANS 2 MAXTRANS 255 COMPUTE STATISTICS 
  STORAGE(INITIAL 65536 NEXT 1048576 MINEXTENTS 1 MAXEXTENTS 2147483645
  PCTINCREASE 0 FREELISTS 1 FREELIST GROUPS 1 BUFFER_POOL DEFAULT FLASH_CACHE DEFAULT CELL_FLASH_CACHE DEFAULT)
  TABLESPACE "USERS" ;
--------------------------------------------------------
--  Constraints for Table BOARDER_COMMENTS
--------------------------------------------------------

  ALTER TABLE "BAE"."BOARDER_COMMENTS" ADD PRIMARY KEY ("COMMENT_ID")
  USING INDEX PCTFREE 10 INITRANS 2 MAXTRANS 255 COMPUTE STATISTICS 
  STORAGE(INITIAL 65536 NEXT 1048576 MINEXTENTS 1 MAXEXTENTS 2147483645
  PCTINCREASE 0 FREELISTS 1 FREELIST GROUPS 1 BUFFER_POOL DEFAULT FLASH_CACHE DEFAULT CELL_FLASH_CACHE DEFAULT)
  TABLESPACE "USERS"  ENABLE;
--------------------------------------------------------
--  Constraints for Table BOARDER
--------------------------------------------------------

  ALTER TABLE "BAE"."BOARDER" ADD PRIMARY KEY ("BOARDER_CODE")
  USING INDEX PCTFREE 10 INITRANS 2 MAXTRANS 255 COMPUTE STATISTICS 
  STORAGE(INITIAL 65536 NEXT 1048576 MINEXTENTS 1 MAXEXTENTS 2147483645
  PCTINCREASE 0 FREELISTS 1 FREELIST GROUPS 1 BUFFER_POOL DEFAULT FLASH_CACHE DEFAULT CELL_FLASH_CACHE DEFAULT)
  TABLESPACE "USERS"  ENABLE;
--------------------------------------------------------
--  Constraints for Table TOURSHOP
--------------------------------------------------------

  ALTER TABLE "BAE"."TOURSHOP" ADD PRIMARY KEY ("SHOPID")
  USING INDEX PCTFREE 10 INITRANS 2 MAXTRANS 255 COMPUTE STATISTICS 
  STORAGE(INITIAL 65536 NEXT 1048576 MINEXTENTS 1 MAXEXTENTS 2147483645
  PCTINCREASE 0 FREELISTS 1 FREELIST GROUPS 1 BUFFER_POOL DEFAULT FLASH_CACHE DEFAULT CELL_FLASH_CACHE DEFAULT)
  TABLESPACE "USERS"  ENABLE;
--------------------------------------------------------
--  Constraints for Table TOURSHOPREVIEW
--------------------------------------------------------

  ALTER TABLE "BAE"."TOURSHOPREVIEW" ADD PRIMARY KEY ("REVIEWID")
  USING INDEX PCTFREE 10 INITRANS 2 MAXTRANS 255 COMPUTE STATISTICS 
  STORAGE(INITIAL 65536 NEXT 1048576 MINEXTENTS 1 MAXEXTENTS 2147483645
  PCTINCREASE 0 FREELISTS 1 FREELIST GROUPS 1 BUFFER_POOL DEFAULT FLASH_CACHE DEFAULT CELL_FLASH_CACHE DEFAULT)
  TABLESPACE "USERS"  ENABLE;
--------------------------------------------------------
--  Constraints for Table USERS
--------------------------------------------------------

  ALTER TABLE "BAE"."USERS" ADD PRIMARY KEY ("ID")
  USING INDEX PCTFREE 10 INITRANS 2 MAXTRANS 255 COMPUTE STATISTICS 
  STORAGE(INITIAL 65536 NEXT 1048576 MINEXTENTS 1 MAXEXTENTS 2147483645
  PCTINCREASE 0 FREELISTS 1 FREELIST GROUPS 1 BUFFER_POOL DEFAULT FLASH_CACHE DEFAULT CELL_FLASH_CACHE DEFAULT)
  TABLESPACE "USERS"  ENABLE;
--------------------------------------------------------
--  Ref Constraints for Table BOARDER_COMMENTS
--------------------------------------------------------

  ALTER TABLE "BAE"."BOARDER_COMMENTS" ADD FOREIGN KEY ("BOARDER_CODE")
	  REFERENCES "BAE"."BOARDER" ("BOARDER_CODE") ENABLE;
  ALTER TABLE "BAE"."BOARDER_COMMENTS" ADD FOREIGN KEY ("USER_ID")
	  REFERENCES "BAE"."USERS" ("ID") ENABLE;
  ALTER TABLE "BAE"."BOARDER_COMMENTS" ADD FOREIGN KEY ("PARENT_COMMENT_ID")
	  REFERENCES "BAE"."BOARDER_COMMENTS" ("COMMENT_ID") ENABLE;
--------------------------------------------------------
--  Ref Constraints for Table BOARDER
--------------------------------------------------------

  ALTER TABLE "BAE"."BOARDER" ADD FOREIGN KEY ("USER_ID")
	  REFERENCES "BAE"."USERS" ("ID") ENABLE;
--------------------------------------------------------
--  Ref Constraints for Table USER_DESCRIP
--------------------------------------------------------

  ALTER TABLE "BAE"."USER_DESCRIP" ADD CONSTRAINT "FK_ID_DESCRIP" FOREIGN KEY ("ID")
	  REFERENCES "BAE"."USERS" ("ID") ENABLE;
--------------------------------------------------------
--  Ref Constraints for Table TOURSHOPREVIEW
--------------------------------------------------------

  ALTER TABLE "BAE"."TOURSHOPREVIEW" ADD CONSTRAINT "FK_PARENT_COMMENT" FOREIGN KEY ("PARENT_COMMENT_ID")
	  REFERENCES "BAE"."TOURSHOPREVIEW" ("REVIEWID") ENABLE;
  ALTER TABLE "BAE"."TOURSHOPREVIEW" ADD CONSTRAINT "FK_SHOP" FOREIGN KEY ("SHOPID")
	  REFERENCES "BAE"."TOURSHOP" ("SHOPID") ENABLE;
  ALTER TABLE "BAE"."TOURSHOPREVIEW" ADD CONSTRAINT "FK_USERS" FOREIGN KEY ("USERID")
	  REFERENCES "BAE"."USERS" ("ID") ENABLE;
--------------------------------------------------------
--  Ref Constraints for Table FESTIVAL_IMAGE
--------------------------------------------------------

  ALTER TABLE "BAE"."FESTIVAL_IMAGE" ADD CONSTRAINT "FESTIVALID" FOREIGN KEY ("FESTIVALID")
	  REFERENCES "BAE"."FESTIVALS" ("FESTIVALID") ENABLE;
--------------------------------------------------------
--  Ref Constraints for Table FESTIVAL_DESCRIP
--------------------------------------------------------

  ALTER TABLE "BAE"."FESTIVAL_DESCRIP" ADD CONSTRAINT "FK_FESTIVAL_DESCRIP" FOREIGN KEY ("FESTIVALID")
	  REFERENCES "BAE"."FESTIVALS" ("FESTIVALID") ENABLE;
